IDproduto,Produto,IDgrupo,Grupo,IDsubgrupo,SubGrupo,IDcor,Cor,Ultima Venda,Qtde Vendida,Vr.Venda
AF0607001,TENIS,1,Sapato Feminino,5,TENIS,4,AZUL,01/11/24,9,"R$ 2.132,35"
CT23540001,ALL STAR,1,Sapato Feminino,5,TENIS,4,AZUL,20/09/24,9,"R$ 2.049,60"
FLUTUA.1,TENIS,1,Sapato Feminino,5,TENIS,3,PRETO,30/07/24,13,"R$ 2.000,70"
CT24960002,ALL STAR,1,Sapato Feminino,5,TENIS,42,AMENDOA,19/12/24,10,"R$ 1.912,82"
23-12106,TENIS,1,Sapato Feminino,5,TENIS,3,PRETO,26/12/24,13,"R$ 1.801,30"
CT04950003.0,ALL STAR,1,Sapato Feminino,5,TENIS,2,BRANCO,17/09/24,8,"R$ 1.799,70"
CT15920001,ALL STAR,1,Sapato Feminino,5,TENIS,3,PRETO,05/10/24,9,"R$ 1.752,43"
CT04950001.0,ALL STAR,1,Sapato Feminino,5,TENIS,3,PRETO,20/09/24,8,"R$ 1.746,95"
AB6416001,TENIS,1,Sapato Feminino,5,TENIS,3,PRETO,12/11/24,9,"R$ 1.739,30"
EASY.2,TENIS,1,Sapato Feminino,5,TENIS,3,PRETO,01/08/24,10,"R$ 1.729,40"
Y8214001,SANDALIA,1,Sapato Feminino,95,SANDALIA,3,PRETO,04/11/24,10,"R$ 1.704,09"
EASY.2,TENIS,1,Sapato Feminino,5,TENIS,50,MARINHO,11/11/24,12,"R$ 1.690,00"
Q8961,BOTA,1,Sapato Feminino,3,BOTA,3,PRETO,18/07/24,8,"R$ 1.678,60"
JOGGING,TENIS,1,Sapato Feminino,5,TENIS,2,BRANCO,08/05/24,11,"R$ 1.650,00"
CT18540001,ALL STAR,1,Sapato Feminino,5,TENIS,3,PRETO,02/09/24,6,"R$ 1.649,50"
CITRUS.,TENIS,1,Sapato Feminino,5,TENIS,3,PRETO,15/07/24,9,"R$ 1.610,10"
23-608-01.,BOTA,1,Sapato Feminino,3,BOTA,3,PRETO,12/07/24,8,"R$ 1.589,20"
354305,TENIS,1,Sapato Feminino,5,TENIS,2,BRANCO,16/11/24,8,"R$ 1.568,00"
CT00040007.4,ALL STAR,1,Sapato Feminino,5,TENIS,3,PRETO,15/12/24,5,"R$ 1.536,50"
CT25700001,ALL STAR,1,Sapato Feminino,5,TENIS,8,ROSA,04/11/24,7,"R$ 1.529,90"
PROOF3,TENIS,1,Sapato Feminino,5,TENIS,3,PRETO,04/10/24,9,"R$ 1.519,70"
C1285A.,TENIS,1,Sapato Feminino,5,TENIS,3,PRETO,14/10/24,8,"R$ 1.478,62"
AI3010001,SANDALIA,1,Sapato Feminino,95,SANDALIA,3,PRETO,31/12/24,10,"R$ 1.466,43"
G9371,TENIS,1,Sapato Feminino,5,TENIS,2,BRANCO,11/11/24,8,"R$ 1.463,50"
CT04500001.1,ALL STAR,1,Sapato Feminino,5,TENIS,2,BRANCO,27/09/24,5,"R$ 1.454,50"
CT15920002,TENIS,1,Sapato Feminino,5,TENIS,2,BRANCO,17/09/24,8,"R$ 1.450,00"
354301,TENIS,1,Sapato Feminino,5,TENIS,5,MARROM,27/09/24,8,"R$ 1.405,02"
CT00010004.0,TENIS,1,Sapato Feminino,5,TENIS,7,VERMELHO,11/11/24,10,"R$ 1.400,00"
EASY.1,TENIS,1,Sapato Feminino,5,TENIS,50,CHUMBO,30/07/24,9,"R$ 1.399,80"
Q8542,BOTA,1,Sapato Feminino,3,BOTA,3,PRETO,27/09/24,7,"R$ 1.395,25"
23-10910,TENIS,1,Sapato Feminino,5,TENIS,3,PRETO,27/09/24,7,"R$ 1.390,48"
6.249.790,SANDALIA,1,Sapato Feminino,95,SANDALIA,14,OURO,18/12/24,12,"R$ 1.390,10"
CT25690002,ALL STAR,1,Sapato Feminino,5,TENIS,2,BRANCO,28/09/24,7,"R$ 1.365,94"
122876,SAPATO,1,Sapato Feminino,30,SAPATO,3,PRETO,14/12/24,7,"R$ 1.326,12"
7.358.223,SAPATO,1,Sapato Feminino,30,SAPATO,30,NUDE,03/10/24,10,"R$ 1.305,20"
7.358.223,SAPATO,1,Sapato Feminino,30,SAPATO,3,PRETO,27/09/24,10,"R$ 1.286,51"
MM0703002,SANDALIA,1,Sapato Feminino,95,SANDALIA,3,PRETO,28/11/24,10,"R$ 1.280,00"
23-8601,TENIS,1,Sapato Feminino,5,TENIS,12,AVEIA OURO,31/12/24,10,"R$ 1.274,36"
Y8214007,SANDALIA,1,Sapato Feminino,95,SANDALIA,22,PRATA,22/11/24,8,"R$ 1.239,90"
62.101.037,SANDALIA,1,Sapato Feminino,95,SANDALIA,3,PRETO,12/12/24,11,"R$ 1.231,30"
7.183.102,TAMANCO,1,Sapato Feminino,25,TAMANCO,3,PRETO,26/06/24,11,"R$ 1.225,40"
AE2034004,SANDALIA,1,Sapato Feminino,95,SANDALIA,30,NUDE,21/12/24,9,"R$ 1.199,80"
23-10911,TENIS,1,Sapato Feminino,5,TENIS,3,PRETO,23/12/24,8,"R$ 1.189,80"
349104,BOTA,1,Sapato Feminino,3,BOTA,3,PRETO,18/10/24,5,"R$ 1.179,80"
PR1872002,TAMANCO,1,Sapato Feminino,25,TAMANCO,47,CARAMELO,30/11/24,9,"R$ 1.150,00"
2328204,SANDALIA,1,Sapato Feminino,95,SANDALIA,30,NUDE,06/12/24,7,"R$ 1.127,90"
INDEX.,TENIS,1,Sapato Feminino,5,TENIS,3,PRETO,27/09/24,7,"R$ 1.121,55"
2393123,TENIS,1,Sapato Feminino,5,TENIS,3,PRETO,27/09/24,8,"R$ 1.107,35"
23-11802,TENIS,1,Sapato Feminino,5,TENIS,3,PRETO,06/11/24,7,"R$ 1.099,50"
6459.110-,SANDALIA,1,Sapato Feminino,95,SANDALIA,2,BRANCO,26/12/24,12,"R$ 1.099,00"
23-21307,SANDALIA,1,Sapato Feminino,95,SANDALIA,98,BAUNILLHA,31/12/24,10,"R$ 1.090,58"
62.101.039,SANDALIA,1,Sapato Feminino,95,SANDALIA,2,BRANCO,30/12/24,10,"R$ 1.085,20"
2328203,SANDALIA,1,Sapato Feminino,95,SANDALIA,30,NUDE,02/11/24,7,"R$ 1.079,00"
CT17300001.,ALL STAR,1,Sapato Feminino,5,TENIS,12,BEGE,16/05/24,5,"R$ 1.065,00"
6.409.218,SANDALIA,1,Sapato Feminino,95,SANDALIA,2,BRANCO,28/11/24,7,"R$ 1.059,40"
7.125.244,TAMANCO,1,Sapato Feminino,25,TAMANCO,53,PESSEGO,24/06/24,11,"R$ 1.039,10"
MA112,BOTA,1,Sapato Feminino,3,BOTA,5,MARROM,06/08/24,7,"R$ 1.039,70"
CT00010008.0,ALL STAR,1,Sapato Feminino,5,TENIS,36,BORDO,20/09/24,6,"R$ 1.039,90"
T5077-088,SANDALIA,1,Sapato Feminino,95,SANDALIA,30,NUDE,24/07/24,10,"R$ 1.029,90"
23-10115,SANDALIA,1,Sapato Feminino,95,SANDALIA,30,NUDE,07/06/24,7,"R$ 1.010,20"
PR1872001,TAMANCO,1,Sapato Feminino,25,TAMANCO,3,PRETO,03/12/24,7,"R$ 1.007,70"
355701,SANDALIA,1,Sapato Feminino,95,SANDALIA,5,MARROM,26/07/24,10,"R$ 1.000,00"
23-12106,TENIS,1,Sapato Feminino,5,TENIS,2,BRANCO,14/11/24,6,"R$ 989,70"
62.101.019,SANDALIA,1,Sapato Feminino,95,SANDALIA,12,BEGE,14/12/24,8,"R$ 979,40"
R1804098,SANDALIA,1,Sapato Feminino,95,SANDALIA,3,PRETO,11/10/24,6,"R$ 979,90"
CT24970002,ALL STAR,1,Sapato Feminino,5,TENIS,42,AMENDOA,06/09/24,5,"R$ 979,90"
L8666,SANDALIA,1,Sapato Feminino,95,SANDALIA,2,BRANCO,14/12/24,9,"R$ 971,83"
23-10115,SANDALIA,1,Sapato Feminino,95,SANDALIA,3,PRETO,27/09/24,7,"R$ 970,77"
T5077-087,SANDALIA,1,Sapato Feminino,95,SANDALIA,14,OURO,24/07/24,10,"R$ 970,00"
6706,TENIS,1,Sapato Feminino,5,TENIS,47,CARAMELO,09/11/24,5,"R$ 969,90"
7.125.241,SANDALIA,1,Sapato Feminino,95,SANDALIA,30,NUDE,02/07/24,9,"R$ 967,30"
R18040860,SANDALIA,1,Sapato Feminino,95,SANDALIA,22,PRATA,13/12/24,6,"R$ 959,80"
6428.101.1,SANDALIA,1,Sapato Feminino,95,SANDALIA,30,NUDE,14/09/24,8,"R$ 959,20"
CT00010006.,ALL STAR,1,Sapato Feminino,5,TENIS,8,ROSA,06/11/24,8,"R$ 950,00"
23-21304,SANDALIA,1,Sapato Feminino,95,SANDALIA,2,BRANCO,18/10/24,8,"R$ 940,77"
C1299.1,TENIS,1,Sapato Feminino,5,TENIS,30,NUDE,26/12/24,5,"R$ 939,70"
C1285A.,TENIS,1,Sapato Feminino,5,TENIS,2,BRANCO,19/07/24,5,"R$ 939,70"
C1299.0,TENIS,1,Sapato Feminino,5,TENIS,3,PRETO,13/07/24,5,"R$ 939,70"
AK3202004,SANDALIA,1,Sapato Feminino,95,SANDALIA,30,NUDE,19/12/24,7,"R$ 923,27"
CT00040007.3,ALL STAR,1,Sapato Feminino,5,TENIS,3,PRETO,27/09/24,4,"R$ 919,32"
TOP.1,HAVAIANAS,1,Sapato Feminino,6,CHINELOS,100,UNICA,09/11/24,26,"R$ 914,84"
C1286A,TENIS,1,Sapato Feminino,5,TENIS,50,MARINHO,12/11/24,8,"R$ 900,00"
348802,SAPATO,1,Sapato Feminino,30,SAPATO,36,BORDO,22/06/24,9,"R$ 900,00"
6428.104.,SANDALIA,1,Sapato Feminino,95,SANDALIA,3,PRETO,05/12/24,8,"R$ 894,40"
7.183.104,TAMANCO,1,Sapato Feminino,25,TAMANCO,53,PESSEGO,12/07/24,8,"R$ 892,60"
8.504.207,SANDALIA,1,Sapato Feminino,95,SANDALIA,14,OURO,27/09/24,11,"R$ 890,40"
7.183.105,TAMANCO,1,Sapato Feminino,25,TAMANCO,30,NUDE,24/07/24,8,"R$ 882,80"
355504,SANDALIA,1,Sapato Feminino,95,SANDALIA,313,PELE,08/10/24,9,"R$ 879,33"
348204,SAPATO,1,Sapato Feminino,30,SAPATO,5,MARROM,27/09/24,9,"R$ 876,48"
7.142.106,TAMANCO,1,Sapato Feminino,25,TAMANCO,350,CREME,27/04/24,10,"R$ 874,45"
7.378.103,SAPATO,1,Sapato Feminino,30,SAPATO,10,ROXO,05/06/24,12,"R$ 870,00"
355502,SANDALIA,1,Sapato Feminino,95,SANDALIA,9,VERDE,08/10/24,8,"R$ 870,00"
7.178.109,SANDALIA,1,Sapato Feminino,95,SANDALIA,350,CREME,28/06/24,9,"R$ 869,20"
7.358.222,SAPATO,1,Sapato Feminino,30,SAPATO,3,PRETO,27/09/24,7,"R$ 863,29"
6262.406.,SANDALIA,1,Sapato Feminino,95,SANDALIA,3,PRETO,06/04/24,8,"R$ 853,20"
979038,TENIS,1,Sapato Feminino,5,TENIS,3,PRETO,06/09/24,5,"R$ 829,80"
L9002,CHINELO,1,Sapato Feminino,6,CHINELOS,43,AVELA,18/12/24,8,"R$ 826,88"
Y6533,SANDALIA,1,Sapato Feminino,95,SANDALIA,22,PRATA,20/12/24,7,"R$ 820,00"
355101,TENIS,1,Sapato Feminino,5,TENIS,2,BRANCO,14/10/24,5,"R$ 811,84"
7.320.260,SAPATO,1,Sapato Feminino,30,SAPATO,3,PRETO,27/09/24,7,"R$ 811,44"
C1285A,TENIS,1,Sapato Feminino,5,TENIS,3,PRETO,18/10/24,4,"R$ 799,60"
83613,SAPATO,1,Sapato Feminino,30,SAPATO,2,BRANCO,18/06/24,4,"R$ 799,60"
FLUTUA.,TENIS,1,Sapato Feminino,5,TENIS,50,MARINHO,06/09/24,5,"R$ 780,40"
353601,SAPATILHA,1,Sapato Feminino,29,SAPATILHA,3,PRETO,20/04/24,7,"R$ 779,80"
23-8601,TENIS,1,Sapato Feminino,5,TENIS,3,PRETO,27/09/24,6,"R$ 772,18"
1122.828.1,SAPATO,1,Sapato Feminino,30,SAPATO,12,BEGE,10/07/24,6,"R$ 772,90"
2333221,SANDALIA,1,Sapato Feminino,95,SANDALIA,3,PRETO,23/08/24,7,"R$ 770,00"
6428.101.1,SANDALIA,1,Sapato Feminino,95,SANDALIA,3,PRETO,14/11/24,7,"R$ 760,60"
6428.104.,SANDALIA,1,Sapato Feminino,95,SANDALIA,2,BRANCO,12/12/24,8,"R$ 758,80"
A400.,TENIS,1,Sapato Feminino,5,TENIS,41,ROSE,07/05/24,11,"R$ 750,00"
A400.,TENIS,1,Sapato Feminino,5,TENIS,453,PRETO BRANCO,04/03/24,11,"R$ 750,00"
2376303,SAPATO,1,Sapato Feminino,30,SAPATO,12,BEGE,12/06/24,8,"R$ 740,00"
238205,SANDALIA,1,Sapato Feminino,95,SANDALIA,4,AZUL,10/05/24,7,"R$ 740,00"
2311121.0,BOTA,1,Sapato Feminino,3,BOTA,2,BRANCO,30/08/24,5,"R$ 739,80"
355524,SANDALIA,1,Sapato Feminino,95,SANDALIA,3,PRETO,08/05/24,6,"R$ 732,50"
C3013,TENIS,1,Sapato Feminino,5,TENIS,2,BRANCO,03/12/24,5,"R$ 720,30"
7.174.112,SANDALIA,1,Sapato Feminino,95,SANDALIA,12,BEGE,23/12/24,6,"R$ 713,40"
15130.,SANDALIA,1,Sapato Feminino,95,SANDALIA,47,CARAMELO,14/06/24,8,"R$ 710,00"
Y6161,SANDALIA,1,Sapato Feminino,95,SANDALIA,41,ROSE,20/07/24,6,"R$ 702,13"
110072,SAPATO,1,Sapato Feminino,30,SAPATO,3,PRETO,04/04/24,6,"R$ 700,00"
T4813-653,SANDALIA,1,Sapato Feminino,95,SANDALIA,17,MARFIM,26/07/24,9,"R$ 700,10"
11.232.828,TAMANCO,1,Sapato Feminino,25,TAMANCO,2,BRANCO,31/12/24,7,"R$ 699,30"
500324.,CHINELO,1,Sapato Feminino,6,CHINELOS,43,AVELA,26/09/24,9,"R$ 699,70"
2311121.,BOTA,1,Sapato Feminino,3,BOTA,30,CAFE,24/12/24,5,"R$ 699,90"
C1285A.,TENIS,1,Sapato Feminino,5,TENIS,28,GELO,27/09/24,4,"R$ 690,31"
8.360.355,TAMANCO,1,Sapato Feminino,25,TAMANCO,451,MENTA,06/09/24,12,"R$ 679,90"
MB712,SANDALIA,1,Sapato Feminino,95,SANDALIA,30,NUDE,12/12/24,6,"R$ 679,60"
348204,SAPATO,1,Sapato Feminino,30,SAPATO,41,ROSE,27/09/24,8,"R$ 676,48"
498.709.769,SANDALIA,1,Sapato Feminino,95,SANDALIA,22,PRATA,17/09/24,8,"R$ 670,00"
12363.,SANDALIA,1,Sapato Feminino,95,SANDALIA,11,LARANJA,22/04/24,7,"R$ 670,00"
6.454.108,SANDALIA,1,Sapato Feminino,95,SANDALIA,3,PRETO,03/06/24,7,"R$ 669,40"
353801,SAPATO,1,Sapato Feminino,30,SAPATO,3,PRETO,06/09/24,3,"R$ 667,80"
T2227-505.,TAMANCO,1,Sapato Feminino,25,TAMANCO,2,BRANCO,27/09/24,7,"R$ 661,11"
A400.,TENIS,1,Sapato Feminino,5,TENIS,2,BRANCO,05/07/24,12,"R$ 660,00"
520.59.2,SAPATILHA,1,Sapato Feminino,29,SAPATILHA,3,PRETO,13/07/24,14,"R$ 658,80"
1214.205.3,SAPATO,1,Sapato Feminino,5,TENIS,38,VINHO,06/06/24,8,"R$ 650,00"
7.378.103,SAPATO,1,Sapato Feminino,30,SAPATO,3,PRETO,31/05/24,6,"R$ 650,00"
23-8601,TENIS,1,Sapato Feminino,5,TENIS,2,BRANCO,26/11/24,6,"R$ 642,28"
A400.,TENIS,1,Sapato Feminino,5,TENIS,50,MARINHO,27/09/24,10,"R$ 640,00"
18908-,TAMANCO,1,Sapato Feminino,25,TAMANCO,41,ROSE,31/12/24,8,"R$ 639,20"
C1543,SANDALIA,1,Sapato Feminino,95,SANDALIA,47,CARAMELO,30/12/24,8,"R$ 639,20"
7142.101.0,TAMANCO,1,Sapato Feminino,25,TAMANCO,9,VERDE,11/07/24,7,"R$ 634,50"
T2227-511,TAMANCO,1,Sapato Feminino,25,TAMANCO,3,PRETO,27/09/24,4,"R$ 624,13"
1.420.102,SAPATO,1,Sapato Feminino,30,SAPATO,12,BEGE,31/12/24,5,"R$ 624,77"
356702,TAMANCO,1,Sapato Feminino,25,TAMANCO,3,PRETO,08/08/24,6,"R$ 620,00"
Q8551,SAPATO,1,Sapato Feminino,30,SAPATO,98,BAUNILLHA,19/06/24,8,"R$ 620,00"
348802,SAPATO,1,Sapato Feminino,30,SAPATO,4,AZUL,25/07/24,7,"R$ 610,00"
2007.0,SANDALIA,1,Sapato Feminino,95,SANDALIA,3,PRETO,19/03/24,8,"R$ 610,00"
6730.,TENIS,1,Sapato Feminino,5,TENIS,2,BRANCO,30/12/24,4,"R$ 600,00"
C3109,TENIS,1,Sapato Feminino,5,TENIS,7,VERMELHO,14/11/24,6,"R$ 600,00"
15137,SANDALIA,1,Sapato Feminino,95,SANDALIA,47,CARAMELO,26/04/24,6,"R$ 600,00"
CT25700002,ALL STAR,1,Sapato Feminino,5,TENIS,2,BRANCO,06/04/24,3,"R$ 600,00"
2441201,SANDALIA,1,Sapato Feminino,95,SANDALIA,32,CAQUI,28/12/24,3,"R$ 599,70"
MARIALUIZA,CHINELO,1,Sapato Feminino,6,CHINELOS,100,UNICA,27/09/24,25,"R$ 593,80"
L9005,SANDALIA,1,Sapato Feminino,95,SANDALIA,42,AMENDOA,21/12/24,6,"R$ 582,36"
AK0501005,SANDALIA,1,Sapato Feminino,95,SANDALIA,30,NUDE,19/12/24,4,"R$ 579,90"
6292.217.0,SANDALIA,1,Sapato Feminino,95,SANDALIA,30,NUDE,28/06/24,6,"R$ 579,90"
4813-655,SANDALIA,1,Sapato Feminino,95,SANDALIA,5,MARROM,07/08/24,6,"R$ 570,00"
1625.0,SANDALIA,1,Sapato Feminino,95,SANDALIA,451,MENTA,27/09/24,9,"R$ 561,40"
C1544,SANDALIA,1,Sapato Feminino,95,SANDALIA,3,PRETO,19/12/24,8,"R$ 559,30"
2311121.1,COTURNO,1,Sapato Feminino,3,BOTA,3,PRETO,27/09/24,4,"R$ 557,22"
Y6181,SANDALIA,1,Sapato Feminino,95,SANDALIA,3,PRETO,27/09/24,4,"R$ 551,93"
Y6874,SANDALIA,1,Sapato Feminino,95,SANDALIA,30,NUDE,29/06/24,5,"R$ 549,90"
2346201,SANDALIA,1,Sapato Feminino,95,SANDALIA,8,ROSA,11/07/24,6,"R$ 540,00"
238205,SANDALIA,1,Sapato Feminino,95,SANDALIA,3,PRETO,17/04/24,5,"R$ 540,00"
C2773,TENIS,1,Sapato Feminino,5,TENIS,3,PRETO,11/05/24,3,"R$ 539,70"
8224.804.,TAMANCO,1,Sapato Feminino,25,TAMANCO,148,ROSADO,20/12/24,7,"R$ 539,30"
83609,SAPATO,1,Sapato Feminino,30,SAPATO,9,VERDE,29/10/24,3,"R$ 539,70"
348801,SAPATO,1,Sapato Feminino,30,SAPATO,30,NUDE,18/06/24,4,"R$ 539,90"
40113.-,SANDALIA,1,Sapato Feminino,95,SANDALIA,30,NUDE,30/12/24,9,"R$ 537,95"
346601,SAPATILHA,1,Sapato Feminino,29,SAPATILHA,9,VERDE,29/10/24,4,"R$ 512,70"
8.360.320,TAMANCO,1,Sapato Feminino,25,TAMANCO,30,NUDE,06/09/24,11,"R$ 509,90"
494.409.606,SANDALIA,1,Sapato Feminino,95,SANDALIA,14,OURO,08/10/24,5,"R$ 509,90"
Q8292,SANDALIA,1,Sapato Feminino,95,SANDALIA,30,NUDE,23/07/24,5,"R$ 509,90"
DAYSOUZA,SANDALIA,1,Sapato Feminino,95,SANDALIA,41,ROSE,11/05/24,12,"R$ 509,50"
4.134.446,SANDALIA,1,Sapato Feminino,95,SANDALIA,3,PRETO,15/02/24,7,"R$ 509,90"
356702,TAMANCO,1,Sapato Feminino,25,TAMANCO,21,DOURADO,07/06/24,5,"R$ 500,00"
15133,SANDALIA,1,Sapato Feminino,95,SANDALIA,47,CARAMELO,10/04/24,5,"R$ 500,00"
356704,SANDALIA,1,Sapato Feminino,95,SANDALIA,5,MARROM,29/06/24,4,"R$ 499,90"
6.454.108,SANDALIA,1,Sapato Feminino,95,SANDALIA,2,BRANCO,27/09/24,6,"R$ 493,52"
1616.,SANDALIA,1,Sapato Feminino,95,SANDALIA,30,NUDE,23/05/24,9,"R$ 490,00"
EASY.0,TENIS,1,Sapato Feminino,5,TENIS,3,PRETO,28/05/24,3,"R$ 489,90"
1214.205.3,SAPATO,1,Sapato Feminino,5,TENIS,3,PRETO,27/09/24,5,"R$ 488,22"
1.420.102,SAPATO,1,Sapato Feminino,30,SAPATO,3,PRETO,27/09/24,4,"R$ 484,87"
SIMPSONS.1,HAVAIANAS,1,Sapato Feminino,6,CHINELOS,100,UNICA,21/12/24,8,"R$ 479,20"
Q7875S.,BOTA,1,Sapato Feminino,3,BOTA,3,PRETO,18/06/24,3,"R$ 479,70"
18530,TAMANCO,1,Sapato Feminino,25,TAMANCO,958,COBRE,27/09/24,11,"R$ 473,37"
L8668,SANDALIA,1,Sapato Feminino,95,SANDALIA,8,ROSA,24/12/24,5,"R$ 470,00"
2333221,SANDALIA,1,Sapato Feminino,95,SANDALIA,30,NUDE,16/08/24,5,"R$ 470,00"
403.0,SANDALIA,1,Sapato Feminino,95,SANDALIA,3,PRETO,27/04/24,11,"R$ 470,00"
403.0,SANDALIA,1,Sapato Feminino,95,SANDALIA,30,NUDE,07/05/24,10,"R$ 459,90"
493.509.841,SANDALIA,1,Sapato Feminino,95,SANDALIA,3,PRETO,27/09/24,5,"R$ 458,66"
1185.702.,SAPATO,1,Sapato Feminino,30,SAPATO,3,PRETO,27/09/24,5,"R$ 457,54"
23-8601,TENIS,1,Sapato Feminino,5,TENIS,745,TRIGO,24/12/24,4,"R$ 450,00"
496.709.664,SANDALIA,1,Sapato Feminino,95,SANDALIA,8,ROSA,20/06/24,6,"R$ 450,00"
CT23550001.,ALL STAR,1,Sapato Feminino,5,TENIS,4,AZUL,31/01/24,3,"R$ 450,00"
14258,SANDALIA,1,Sapato Feminino,95,SANDALIA,47,CARAMELO,18/03/24,4,"R$ 449,90"
1603.,SANDALIA,1,Sapato Feminino,95,SANDALIA,17,MARFIM,27/09/24,9,"R$ 442,80"
18530,TAMANCO,1,Sapato Feminino,25,TAMANCO,3,PRETO,10/04/24,8,"R$ 439,50"
Y6974,SANDALIA,1,Sapato Feminino,95,SANDALIA,22,PRATA,25/11/24,7,"R$ 430,00"
1456,SANDALIA,1,Sapato Feminino,95,SANDALIA,30,NUDE,08/06/24,8,"R$ 430,00"
8224.804.,TAMANCO,1,Sapato Feminino,25,TAMANCO,41,ROSE,24/12/24,7,"R$ 429,60"
231237,CHINELO,1,Sapato Feminino,6,CHINELOS,4,AZUL,27/09/24,9,"R$ 428,96"
7.178.112,SANDALIA,1,Sapato Feminino,95,SANDALIA,21,DOURADO,27/09/24,6,"R$ 425,85"
8.488.109,SANDALIA,1,Sapato Feminino,95,SANDALIA,3,PRETO,27/09/24,6,"R$ 424,54"
520.75.1,SAPATILHA,1,Sapato Feminino,29,SAPATILHA,3,PRETO,25/11/24,9,"R$ 419,20"
6.516.101,SANDALIA,1,Sapato Feminino,95,SANDALIA,3,PRETO,24/12/24,3,"R$ 419,80"
8.360.320,TAMANCO,1,Sapato Feminino,25,TAMANCO,3,PRETO,09/11/24,9,"R$ 413,28"
T7024-261,SCARPIN,1,Sapato Feminino,30,SAPATO,3,PRETO,27/05/24,5,"R$ 410,00"
T2227-505,TAMANCO,1,Sapato Feminino,25,TAMANCO,3,PRETO,09/05/24,4,"R$ 400,00"
348801,SAPATO,1,Sapato Feminino,30,SAPATO,3,PRETO,29/05/24,4,"R$ 400,00"
348204,SAPATO,1,Sapato Feminino,30,SAPATO,3,PRETO,10/05/24,4,"R$ 400,00"
7.174.104,SANDALIA,1,Sapato Feminino,95,SANDALIA,3,PRETO,31/05/24,4,"R$ 400,00"
8.384.603,SANDALIA,1,Sapato Feminino,95,SANDALIA,14,OURO,20/05/24,7,"R$ 400,00"
14260.0,SANDALIA,1,Sapato Feminino,95,SANDALIA,14,OURO,18/04/24,4,"R$ 400,00"
5.502.205,SANDALIA,1,Sapato Feminino,95,SANDALIA,2,BRANCO,23/12/24,6,"R$ 399,50"
MC292,SANDALIA,1,Sapato Feminino,95,SANDALIA,3,PRETO,24/12/24,3,"R$ 399,60"
2000.0,SANDALIA,1,Sapato Feminino,95,SANDALIA,3,PRETO,12/06/24,10,"R$ 399,70"
346601,SAPATILHA,1,Sapato Feminino,29,SAPATILHA,41,ROSE,22/07/24,4,"R$ 393,00"
8.504.207,SANDALIA,1,Sapato Feminino,95,SANDALIA,21,DOURADO,12/04/24,5,"R$ 390,00"
C2769.0,TENIS,1,Sapato Feminino,5,TENIS,3,PRETO,05/10/24,2,"R$ 389,90"
DAYSOUZA,SANDALIA,1,Sapato Feminino,95,SANDALIA,3,PRETO,09/04/24,9,"R$ 387,74"
DAYSOUZA.,SANDALIA,1,Sapato Feminino,95,SANDALIA,2,BRANCO,27/09/24,9,"R$ 383,40"
4.134.446,SANDALIA,1,Sapato Feminino,95,SANDALIA,14,OURO,27/09/24,7,"R$ 382,32"
1.206.261,SAPATO,1,Sapato Feminino,30,SAPATO,22,PRATA,05/03/24,6,"R$ 380,00"
5.502.205,SANDALIA,1,Sapato Feminino,95,SANDALIA,3,PRETO,11/12/24,6,"R$ 379,60"
14262,SANDALIA,1,Sapato Feminino,95,SANDALIA,47,CARAMELO,27/09/24,4,"R$ 379,35"
493.509.841,SANDALIA,1,Sapato Feminino,95,SANDALIA,22,PRATA,04/07/24,4,"R$ 370,00"
Y6974,SANDALIA,1,Sapato Feminino,95,SANDALIA,41,ROSE,24/12/24,6,"R$ 369,90"
7.151.102,TAMANCO,1,Sapato Feminino,25,TAMANCO,3,PRETO,27/09/24,4,"R$ 363,10"
426.,SANDALIA,1,Sapato Feminino,95,SANDALIA,3,PRETO,30/12/24,6,"R$ 359,40"
426.,SANDALIA,1,Sapato Feminino,95,SANDALIA,47,CARAMELO,30/12/24,6,"R$ 359,40"
5.507.100,SANDALIA,1,Sapato Feminino,95,SANDALIA,21,DOURADO,26/12/24,7,"R$ 359,69"
PJ6812,CHINELO,1,Sapato Feminino,6,CHINELOS,2,BRANCO,24/12/24,4,"R$ 359,60"
353802,SAPATO,1,Sapato Feminino,30,SAPATO,5,MARROM,23/12/24,2,"R$ 350,00"
2486403,SANDALIA,1,Sapato Feminino,95,SANDALIA,32,CAQUI,24/12/24,2,"R$ 350,80"
2346201,SANDALIA,1,Sapato Feminino,95,SANDALIA,35,GRAFITE,28/06/24,5,"R$ 350,10"
602.-,SANDALIA,1,Sapato Feminino,95,SANDALIA,2,BRANCO,27/12/24,7,"R$ 349,30"
SQUARE.0,HAVAIANAS,1,Sapato Feminino,6,CHINELOS,100,UNICA,24/12/24,7,"R$ 349,30"
238205,SANDALIA,1,Sapato Feminino,95,SANDALIA,30,NUDE,01/07/24,3,"R$ 340,00"
2007.0,SANDALIA,1,Sapato Feminino,95,SANDALIA,41,ROSE,18/03/24,5,"R$ 340,00"
6371.100.0,TAMANCO,1,Sapato Feminino,25,TAMANCO,21,DOURADO,11/05/24,6,"R$ 339,90"
346601,SAPATILHA,1,Sapato Feminino,29,SAPATILHA,42,AMENDOA,05/04/24,3,"R$ 339,90"
8.360.353,TAMANCO,1,Sapato Feminino,25,TAMANCO,14,OURO,27/09/24,7,"R$ 338,31"
AE2032004,TAMANCO,1,Sapato Feminino,25,TAMANCO,30,NUDE,27/08/24,2,"R$ 329,90"
LOGO,HAVAIANAS,1,Sapato Feminino,6,CHINELOS,100,UNICA,27/09/24,5,"R$ 329,88"
298.0,SANDALIA,1,Sapato Feminino,95,SANDALIA,14,OURO,18/03/24,4,"R$ 325,66"
8.384.603,SANDALIA,1,Sapato Feminino,95,SANDALIA,22,PRATA,27/11/24,7,"R$ 322,32"
ANIMALS.0,HAVAIANAS,1,Sapato Feminino,6,CHINELOS,100,UNICA,25/10/24,8,"R$ 322,56"
18908,TAMANCO,1,Sapato Feminino,25,TAMANCO,30,NUDE,08/03/24,4,"R$ 319,60"
6.371.300,TAMANCO,1,Sapato Feminino,25,TAMANCO,3,PRETO,27/04/24,6,"R$ 310,10"
T5815-321,SANDALIA,1,Sapato Feminino,95,SANDALIA,3,PRETO,07/06/24,4,"R$ 310,00"
5.502.205,SANDALIA,1,Sapato Feminino,95,SANDALIA,30,NUDE,28/11/24,4,"R$ 309,70"
401.0,SANDALIA,1,Sapato Feminino,95,SANDALIA,2,BRANCO,15/03/24,6,"R$ 309,90"
8.507.103,SANDALIA,1,Sapato Feminino,95,SANDALIA,3,PRETO,27/09/24,5,"R$ 305,30"
FLUTUA.0,TENIS,1,Sapato Feminino,5,TENIS,3,PRETO,21/08/24,2,"R$ 300,00"
11.851.124,SAPATO,1,Sapato Feminino,30,SAPATO,7,VERMELHO,09/11/24,3,"R$ 300,00"
110142,SAPATO,1,Sapato Feminino,30,SAPATO,3,PRETO,01/04/24,3,"R$ 300,00"
14260.0,SANDALIA,1,Sapato Feminino,95,SANDALIA,5,MARROM,20/04/24,3,"R$ 300,00"
498.709.801,SANDALIA,1,Sapato Feminino,95,SANDALIA,14,OURO,31/01/24,2,"R$ 300,00"
PJ7279,CHINELO,1,Sapato Feminino,6,CHINELOS,2,BRANCO,21/12/24,2,"R$ 299,80"
355101,TENIS,1,Sapato Feminino,5,TENIS,3,PRETO,27/09/24,2,"R$ 296,07"
016.0,SANDALIA,1,Sapato Feminino,95,SANDALIA,41,ROSE,05/03/24,7,"R$ 290,00"
2.400.024.105,CHINELO,1,Sapato Feminino,6,CHINELOS,21,PINK,11/06/24,6,"R$ 289,90"
Y6891,SANDALIA,1,Sapato Feminino,95,SANDALIA,16,PEROLA,27/09/24,3,"R$ 284,95"
7.142.124,TAMANCO,1,Sapato Feminino,25,TAMANCO,21,DOURADO,28/06/24,4,"R$ 280,00"
T7024-261,SCARPIN,1,Sapato Feminino,30,SAPATO,43,AVELA,01/03/24,4,"R$ 280,00"
3831.,TENIS,1,Sapato Feminino,5,TENIS,100,UNICA,22/06/24,4-,"279,60-"
2000.0,SANDALIA,1,Sapato Feminino,95,SANDALIA,30,NUDE,12/11/24,7,"R$ 269,70"
019.0,SANDALIA,1,Sapato Feminino,95,SANDALIA,14,OURO,05/03/24,8,"R$ 269,90"
DISNEY.2,HAVAIANAS,1,Sapato Feminino,6,CHINELOS,100,UNICA,02/10/24,6,"R$ 264,50"
37.000.370.047,CHINELO,1,Sapato Feminino,6,CHINELOS,30,NUDE,27/09/24,5,"R$ 263,76"
8.488.109,SANDALIA,1,Sapato Feminino,95,SANDALIA,21,DOURADO,16/03/24,4,"R$ 260,00"
1122.828.1,SAPATO,1,Sapato Feminino,30,SAPATO,3,PRETO,21/10/24,2,"R$ 259,80"
TRADICIONAL.2,HAVAIANAS,1,Sapato Feminino,6,CHINELOS,100,UNICA,12/11/24,9,"R$ 259,20"
231233.,CHINELO,1,Sapato Feminino,6,CHINELOS,4,AZUL,08/05/24,5,"R$ 259,90"
231233.,CHINELO,1,Sapato Feminino,6,CHINELOS,8,ROSA,07/05/24,5,"R$ 259,90"
6.454.111,SANDALIA,1,Sapato Feminino,95,SANDALIA,12,BEGE,27/09/24,3,"R$ 250,34"
23-19608,SANDALIA,1,Sapato Feminino,95,SANDALIA,21,DOURADO,15/03/24,2,"R$ 250,00"
R280103,SANDALIA,1,Sapato Feminino,95,SANDALIA,8,ROSA,08/04/24,5,"R$ 249,90"
296.0,SANDALIA,1,Sapato Feminino,95,SANDALIA,14,OURO,20/03/24,3,"R$ 249,90"
283.,SANDALIA,1,Sapato Feminino,95,SANDALIA,47,CARAMELO,11/03/24,3,"R$ 249,90"
030.1,SANDALIA,1,Sapato Feminino,95,SANDALIA,3,PRETO,09/03/24,9,"R$ 249,80"
1214.205.4,SAPATO,1,Sapato Feminino,30,SAPATO,3,PRETO,27/09/24,3,"R$ 248,51"
SLIM-BRASIL,HAVAIANAS,1,Sapato Feminino,6,CHINELOS,100,UNICA,29/11/24,5,"R$ 243,28"
TRADICIONAL.1,HAVAIANAS,1,Sapato Feminino,6,CHINELOS,100,UNICA,27/09/24,9,"R$ 241,26"
6292.217.,SANDALIA,1,Sapato Feminino,95,SANDALIA,3,PRETO,17/04/24,3,"R$ 240,00"
7123.107.0,SANDALIA,1,Sapato Feminino,95,SANDALIA,3,PRETO,26/03/24,3,"R$ 240,00"
T5221-394,SANDALIA,1,Sapato Feminino,95,SANDALIA,30,NUDE,06/03/24,3,"R$ 240,00"
ATHLETIC.-,HAVAIANAS,1,Sapato Feminino,6,CHINELOS,100,UNICA,31/12/24,7,"R$ 239,40"
231237,CHINELO,1,Sapato Feminino,6,CHINELOS,30,NUDE,08/04/24,5,"R$ 239,98"
6.459.110,SANDALIA,1,Sapato Feminino,95,SANDALIA,3,PRETO,27/09/24,4,"R$ 238,28"
2312121,SAPATO,1,Sapato Feminino,30,SAPATO,37,AREIA,27/09/24,3,"R$ 236,95"
030.1,SANDALIA,1,Sapato Feminino,95,SANDALIA,4,AZUL,27/09/24,11,"R$ 233,90"
FANTASIA.1,FANTASIA,1,Sapato Feminino,6,CHINELOS,100,UNICA,27/09/24,10,"R$ 232,64"
231237,CHINELO,1,Sapato Feminino,6,CHINELOS,21,PINK,20/06/24,5,"R$ 230,00"
SQUARE,HAVAIANAS,1,Sapato Feminino,6,CHINELOS,100,UNICA,27/09/24,7,"R$ 227,76"
8224.804.,TAMANCO,1,Sapato Feminino,25,TAMANCO,3,PRETO,24/12/24,4,"R$ 219,90"
026.0,SANDALIA,1,Sapato Feminino,95,SANDALIA,2,BRANCO,11/11/24,5,"R$ 219,80"
2.400.024.131,CHINELO,1,Sapato Feminino,6,CHINELOS,2,BRANCO,27/09/24,6,"R$ 216,08"
520.59.3,SAPATILHA,1,Sapato Feminino,29,SAPATILHA,3,PRETO,27/09/24,5,"R$ 212,39"
4.134.446,SANDALIA,1,Sapato Feminino,95,SANDALIA,21,DOURADO,27/09/24,4,"R$ 212,32"
1619.0,SANDALIA,1,Sapato Feminino,95,SANDALIA,12,BEGE,12/03/24,3,"R$ 210,00"
8.507.103,SANDALIA,1,Sapato Feminino,95,SANDALIA,2,BRANCO,09/02/24,3,"R$ 210,00"
2428202,SANDALIA,1,Sapato Feminino,95,SANDALIA,2,BRANCO,24/12/24,1,"R$ 209,90"
143187,SAPATO,1,Sapato Feminino,30,SAPATO,43,AVELA,11/04/24,2,"R$ 200,00"
249201,SANDALIA,1,Sapato Feminino,95,SANDALIA,37,AREIA,30/11/24,2,"R$ 200,00"
6.428.130,SANDALIA,1,Sapato Feminino,95,SANDALIA,3,PRETO,18/06/24,2,"R$ 200,00"
2015.,SANDALIA,1,Sapato Feminino,95,SANDALIA,41,ROSE,13/04/24,3,"R$ 200,00"
Y6782,SANDALIA,1,Sapato Feminino,95,SANDALIA,16,PEROLA,09/04/24,2,"R$ 200,00"
496.709.664,SANDALIA,1,Sapato Feminino,95,SANDALIA,2,BRANCO,23/02/24,2,"R$ 200,00"
2351131,BOTA,1,Sapato Feminino,3,BOTA,5,MARROM,18/07/24,2,"R$ 200,00"
CT00120008,ALL STAR,1,Sapato Feminino,5,TENIS,4,AZUL,08/06/24,2,"R$ 200,00"
18867,TAMANCO,1,Sapato Feminino,25,TAMANCO,30,NUDE,13/06/24,2,"R$ 199,80"
1214.205.4,SAPATO,1,Sapato Feminino,30,SAPATO,2,BRANCO,10/02/24,2,"R$ 199,80"
346601,SAPATILHA,1,Sapato Feminino,29,SAPATILHA,3,PRETO,27/09/24,2,"R$ 199,27"
MB282,SANDALIA,1,Sapato Feminino,95,SANDALIA,23,BRONZE,23/12/24,2,"R$ 199,80"
1.187.364,MOCASSIM,1,Sapato Feminino,30,SAPATO,21,DOURADO,27/09/24,4,"R$ 199,17"
ANIMALS.1,HAVAIANAS,1,Sapato Feminino,6,CHINELOS,100,UNICA,30/12/24,5,"R$ 199,60"
BASIC.,HAVAIANAS,1,Sapato Feminino,6,CHINELOS,100,UNICA,27/09/24,5,"R$ 199,22"
Y6513,SANDALIA,1,Sapato Feminino,95,SANDALIA,41,ROSE,30/07/24,2,"R$ 192,77"
2.400.024.123,CHINELO,1,Sapato Feminino,6,CHINELOS,30,NUDE,14/03/24,3,"R$ 189,80"
231237,CHINELO,1,Sapato Feminino,6,CHINELOS,2,BRANCO,27/09/24,4,"R$ 188,96"
030.0,RASTEIRA,1,Sapato Feminino,4,RASTEIRINHA,3,PRETO,27/09/24,5,"R$ 187,90"
005..,SANDALIA,1,Sapato Feminino,95,SANDALIA,12,BEGE,27/09/24,8,"R$ 179,20"
GLITTER.,HAVAIANAS,1,Sapato Feminino,6,CHINELOS,100,UNICA,27/09/24,3,"R$ 177,25"
2486404,SANDALIA,1,Sapato Feminino,95,SANDALIA,32,CAQUI,04/12/24,1,"R$ 170,00"
ATHLETIC.1,HAVAIANAS,1,Sapato Feminino,6,CHINELOS,100,UNICA,26/12/24,3,"R$ 159,60"
1185.702.,SAPATO,1,Sapato Feminino,30,SAPATO,5,MARROM,27/09/24,2,"R$ 157,84"
CT04500001.0,ALL STAR,1,Sapato Feminino,5,TENIS,2,BRANCO,27/09/24,1,"R$ 157,97"
BRASIL.5,HAVAIANAS,1,Sapato Feminino,6,CHINELOS,100,UNICA,22/11/24,3,"R$ 154,70"
C1299.1,TENIS,1,Sapato Feminino,5,TENIS,2,BRANCO,23/01/24,1,"R$ 150,00"
DAY.2,TENIS,1,Sapato Feminino,5,TENIS,3,PRETO,20/01/24,1,"R$ 150,00"
EASY-650.,TENIS,1,Sapato Feminino,5,TENIS,50,MARINHO,18/01/24,1,"R$ 150,00"
18063,TAMANCO,1,Sapato Feminino,25,TAMANCO,30,NUDE,04/01/24,3,"R$ 150,00"
117086,SAPATO,1,Sapato Feminino,30,SAPATO,3,PRETO,04/01/24,1,"R$ 150,00"
2437253,SANDALIA,1,Sapato Feminino,95,SANDALIA,3,PRETO,23/11/24,1,"R$ 150,00"
030.0,RASTEIRA,1,Sapato Feminino,4,RASTEIRINHA,30,NUDE,25/04/24,4,"R$ 149,90"
2399301,BOTA,1,Sapato Feminino,3,BOTA,12,BEGE,27/09/24,1,"R$ 141,94"
7.151.115,TAMANCO,1,Sapato Feminino,25,TAMANCO,5,MARROM,12/04/24,2,"R$ 140,00"
23-4003,SAPATO,1,Sapato Feminino,30,SAPATO,3,PRETO,12/06/24,2,"R$ 140,00"
1.206.261,SAPATO,1,Sapato Feminino,30,SAPATO,21,DOURADO,22/02/24,2,"R$ 140,00"
R280101,SANDALIA,1,Sapato Feminino,95,SANDALIA,3,PRETO,26/06/24,3,"R$ 140,00"
PJ7298,CHINELO,1,Sapato Feminino,6,CHINELOS,43,AVELA,27/12/24,2,"R$ 139,80"
2391361,BOTA,1,Sapato Feminino,3,BOTA,3,PRETO,27/09/24,1,"R$ 137,21"
6371.100.1,TAMANCO,1,Sapato Feminino,25,TAMANCO,14,OURO,27/03/24,2,"R$ 120,00"
1.206.261,SAPATO,1,Sapato Feminino,30,SAPATO,3,PRETO,24/02/24,2,"R$ 120,00"
8.507.104,SANDALIA,1,Sapato Feminino,95,SANDALIA,30,NUDE,16/03/24,2,"R$ 120,00"
5667.322.,TENIS,1,Sapato Feminino,5,TENIS,8,ROSA,10/01/24,1-,"119,90-"
7199103,SANDALIA,1,Sapato Feminino,95,SANDALIA,30,NUDE,27/12/24,1,"R$ 119,90"
TOP-ADULTO.0,HAVAIANAS,1,Sapato Feminino,6,CHINELOS,100,UNICA,09/10/24,4,"R$ 115,40"
250132,SAPATILHA,1,Sapato Feminino,29,SAPATILHA,3,PRETO,16/10/24,1,"R$ 113,90"
765.0,SAPATO,1,Sapato Feminino,30,SAPATO,100,UNICA,27/09/24,3,"R$ 104,67"
760.0,SAPATO,1,Sapato Feminino,30,SAPATO,100,UNICA,27/09/24,3,"R$ 104,67"
2356123,BOTA,1,Sapato Feminino,3,BOTA,3,PRETO,27/09/24,1,"R$ 101,37"
2350121,BOTA,1,Sapato Feminino,3,BOTA,30,NUDE,27/09/24,1,"R$ 101,05"
1214.205.2,SAPATO,1,Sapato Feminino,30,SAPATO,2,BRANCO,21/08/24,1,"R$ 100,00"
Q8551,SAPATO,1,Sapato Feminino,30,SAPATO,3,PRETO,22/04/24,1,"R$ 100,00"
359905,SAPATILHA,1,Sapato Feminino,29,SAPATILHA,2,BRANCO,23/12/24,1,"R$ 100,00"
250200,SAPATILHA,1,Sapato Feminino,29,SAPATILHA,43,AVELA,29/04/24,1,"R$ 100,00"
493.509.841,SANDALIA,1,Sapato Feminino,95,SANDALIA,14,OURO,25/04/24,1,"R$ 100,00"
409.0,SANDALIA,1,Sapato Feminino,95,SANDALIA,3,PRETO,09/03/24,2,"R$ 100,00"
Q9211,SANDALIA,1,Sapato Feminino,95,SANDALIA,98,BAUNILLHA,02/03/24,1,"R$ 100,00"
6262.406.,SANDALIA,1,Sapato Feminino,95,SANDALIA,12,BEGE,26/01/24,1,"R$ 100,00"
Y6341,SANDALIA,1,Sapato Feminino,95,SANDALIA,16,PEROLA,19/01/24,1,"R$ 100,00"
FL800807,SANDALIA,1,Sapato Feminino,95,SANDALIA,3,PRETO,10/01/24,1,"R$ 100,00"
T5221-393,SANDALIA,1,Sapato Feminino,95,SANDALIA,30,NUDE,02/01/24,1,"R$ 100,00"
6.499.103,SANDALIA,1,Sapato Feminino,95,SANDALIA,12,BEGE,02/01/24,1,"R$ 100,00"
231233.,CHINELO,1,Sapato Feminino,6,CHINELOS,3,PRETO,19/01/24,2,"R$ 100,00"
6.454.111,SANDALIA,1,Sapato Feminino,95,SANDALIA,3,PRETO,05/10/24,1,"R$ 99,90"
ANIMALS.2,HAVAIANAS,1,Sapato Feminino,6,CHINELOS,100,UNICA,28/06/24,2,"R$ 99,80"
2312121.,SAPATO,1,Sapato Feminino,30,SAPATO,3,PRETO,27/09/24,1,"R$ 96,95"
SIMPSONS.2,HAVAIANAS,1,Sapato Feminino,6,CHINELOS,100,UNICA,27/09/24,2,"R$ 93,52"
409.0,SANDALIA,1,Sapato Feminino,95,SANDALIA,30,NUDE,28/09/24,1,"R$ 90,00"
TOP-ADULTO.,HAVAIANAS,1,Sapato Feminino,6,CHINELOS,100,UNICA,27/09/24,5,"R$ 81,50"
1007...,SANDALIA,1,Sapato Feminino,95,SANDALIA,3,PRETO,27/09/24,2,"R$ 80,00"
231233.,CHINELO,1,Sapato Feminino,6,CHINELOS,2,BRANCO,01/06/24,1,"R$ 80,00"
2.400.024.105,CHINELO,1,Sapato Feminino,6,CHINELOS,2,BRANCO,23/04/24,2,"R$ 80,00"
SLIMSPARKLE.,HAVAIANAS,1,Sapato Feminino,6,CHINELOS,100,UNICA,27/09/24,2,"R$ 79,92"
ATHLETIC.0,HAVAIANAS,1,Sapato Feminino,6,CHINELOS,100,UNICA,11/05/24,2,"R$ 79,80"
1.389.110,SAPATO,1,Sapato Feminino,30,SAPATO,2,BRANCO,27/09/24,1,"R$ 78,61"
1002..,CALCADOS,1,Sapato Feminino,5,TENIS,100,UNICA,27/09/24,2,"R$ 75,62"
HAV YOU METALLI,HAVAIANAS,1,Sapato Feminino,6,CHINELOS,100,UNICA,27/09/24,3,"R$ 74,34"
304.0,SAPATILHA,1,Sapato Feminino,29,SAPATILHA,3,PRETO,27/09/24,2,"R$ 71,80"
300.0,CHINELO,1,Sapato Feminino,6,CHINELOS,30,NUDE,27/09/24,2,"R$ 71,80"
300.0,CHINELO,1,Sapato Feminino,6,CHINELOS,2,BRANCO,27/09/24,2,"R$ 71,80"
A400,TENIS,1,Sapato Feminino,5,TENIS,50,MARINHO,27/09/24,2,"R$ 70,00"
7320.217.,SAPATO,1,Sapato Feminino,30,SAPATO,38,VINHO,05/06/24,1,"R$ 70,00"
Z8392,SANDALIA,1,Sapato Feminino,95,SANDALIA,8,ROSA,27/09/24,1,"R$ 70,37"
2219201,SANDALIA,1,Sapato Feminino,95,SANDALIA,34,PISTACHE,27/09/24,1,"R$ 70,52"
22-17101,SANDALIA,1,Sapato Feminino,95,SANDALIA,3,PRETO,05/09/24,1,"R$ 70,00"
T7024-287,CANOINHA,1,Sapato Feminino,30,SAPATO,7,VERMELHO,01/03/24,1,"R$ 70,00"
5163.,TENIS,1,Sapato Feminino,5,TENIS,100,UNICA,27/09/24,2,"R$ 65,04"
TOPAD.1,HAVAIANAS,1,Sapato Feminino,6,CHINELOS,100,UNICA,27/09/24,4,"R$ 64,44"
Q9011,SAPATO,1,Sapato Feminino,30,SAPATO,3,PRETO,27/09/24,1,"R$ 63,94"
ADAN,SANDALIA,1,Sapato Feminino,95,SANDALIA,35,GRAFITE,27/09/24,1,"R$ 62,95"
476800,SANDALIA,1,Sapato Feminino,95,SANDALIA,5,MARROM,27/09/24,2,"R$ 60,76"
W1515,TENIS,1,Sapato Feminino,5,TENIS,2,BRANCO,27/09/24,1,"R$ 57,02"
5.772.103,SAPATILHA,1,Sapato Feminino,29,SAPATILHA,31,MOSTARDA,27/09/24,1,"R$ 57,70"
8.488.108,SANDALIA,1,Sapato Feminino,95,SANDALIA,14,OURO,27/09/24,1,"R$ 56,22"
1.832.103,SANDALIA,1,Sapato Feminino,95,SANDALIA,3,PRETO,27/09/24,1,"R$ 56,66"
6.371.167,TAMANCO,1,Sapato Feminino,25,TAMANCO,22,PRATA,20/04/24,1,"R$ 50,00"
6.403.101,SANDALIA,1,Sapato Feminino,95,SANDALIA,5,MARROM,27/09/24,1,"R$ 50,34"
6.210.431,SANDALIA,1,Sapato Feminino,95,SANDALIA,14,OURO,27/09/24,1,"R$ 50,86"
540246,SANDALIA,1,Sapato Feminino,95,SANDALIA,47,CARAMELO,27/09/24,1,"R$ 50,05"
5.436.402,TAMANCO,1,Sapato Feminino,25,TAMANCO,2,BRANCO,27/09/24,1,"R$ 47,86"
18908,TAMANCO,1,Sapato Feminino,25,TAMANCO,3,PRETO,27/09/24,1,"R$ 45,98"
CL0046,SANDALIA,1,Sapato Feminino,95,SANDALIA,4,AZUL,27/09/24,1,"R$ 45,54"
Z1362,SANDALIA,1,Sapato Feminino,95,SANDALIA,47,CARAMELO,27/09/24,1,"R$ 43,98"
5.696.309,SAPATILHA,1,Sapato Feminino,29,SAPATILHA,3,PRETO,27/09/24,1,"R$ 40,29"
FINO PASSO .,SANDALIA,1,Sapato Feminino,95,SANDALIA,3,PRETO,27/09/24,2,"R$ 39,80"
GLOSS,HAVAIANAS,1,Sapato Feminino,6,CHINELOS,100,UNICA,05/01/24,1,"R$ 39,90"
861.,SANDALIA,1,Sapato Feminino,95,SANDALIA,100,UNICA,27/09/24,1,"R$ 37,81"
A400,TENIS,1,Sapato Feminino,5,TENIS,30,NUDE,27/09/24,1,"R$ 35,00"
Q0321,SAPATO,1,Sapato Feminino,30,SAPATO,30,NUDE,27/09/24,1,"R$ 34,05"
X5671,SANDALIA,1,Sapato Feminino,4,RASTEIRINHA,47,CARAMELO,27/09/24,1,"R$ 29,73"
SLIM-SQUARE,HAVAIANAS,1,Sapato Feminino,6,CHINELOS,100,UNICA,27/09/24,1,"R$ 24,85"
ROMANTICA.,CHINELO,1,Sapato Feminino,6,CHINELOS,100,UNICA,27/09/24,2,"R$ 23,46"
SLIMHARMONY,HAVAIANAS,1,Sapato Feminino,6,CHINELOS,100,UNICA,27/09/24,1,"R$ 21,52"
R280114,SANDALIA,1,Sapato Feminino,95,SANDALIA,14,OURO,11/11/24,3,"R$ 20,20"
SLIMGLOSS.0,HAVAIANAS,1,Sapato Feminino,6,CHINELOS,100,UNICA,12/03/24,1,"R$ 20,00"
FANTASIA.0,HAVAIANAS,1,Sapato Feminino,6,CHINELOS,100,UNICA,27/09/24,1,"R$ 16,30"
R250405,SANDALIA,1,Sapato Feminino,95,SANDALIA,3,PRETO,27/09/24,1,"R$ 14,90"
5465.100.,SANDALIA,1,Sapato Feminino,95,SANDALIA,2,BRANCO,27/09/24,1,"8,98-"
VENUM,TENIS,2,Sapato Masculino,2,TENIS,3,PRETO,04/11/24,13,"R$ 2.033,22"
VENUM,TENIS,2,Sapato Masculino,2,TENIS,7,VERMELHO,27/09/24,10,"R$ 1.781,52"
3618-641G,SAPATO,2,Sapato Masculino,1,SAPATO,3,PRETO,23/12/24,8,"R$ 1.640,76"
78626,SAPATO,2,Sapato Masculino,1,SAPATO,3,PRETO,24/12/24,7,"R$ 1.508,10"
SOLDIER1,BOTA,2,Sapato Masculino,5,BOTAS,26,CHOCOLATE,21/12/24,6,"R$ 1.500,00"
OLYMPIKUS921.,CHINELO,2,Sapato Masculino,4,CHINELO,5,MARROM,17/12/24,12,"R$ 1.446,80"
4083-281G,SAPATO,2,Sapato Masculino,1,SAPATO,3,PRETO,27/12/24,6,"R$ 1.426,60"
45016,SAPATO,2,Sapato Masculino,1,SAPATO,5,MARROM,22/12/24,7,"R$ 1.311,18"
INDEX.0,TENIS,2,Sapato Masculino,2,TENIS,50,MARINHO,12/11/24,8,"R$ 1.269,60"
CITRUS,TENIS,2,Sapato Masculino,2,TENIS,50,MARINHO,05/08/24,8,"R$ 1.269,50"
BULLET,BOTA,2,Sapato Masculino,5,BOTAS,3,PRETO,07/12/24,5,"R$ 1.250,00"
ALPHA003,SAPATO,2,Sapato Masculino,1,SAPATO,2,BRANCO,30/12/24,7,"R$ 1.239,94"
TRACK02,SAPATO,2,Sapato Masculino,1,SAPATO,3,PRETO,23/12/24,8,"R$ 1.217,87"
MARTE,TENIS,2,Sapato Masculino,2,TENIS,99,PRETO/VERMELHO,13/12/24,7,"R$ 1.070,30"
URBEX,TENIS,2,Sapato Masculino,2,TENIS,3,PRETO,19/06/24,6,"R$ 1.064,81"
TRACK01-,SAPATO,2,Sapato Masculino,1,SAPATO,5,MARROM,24/12/24,6,"R$ 1.050,00"
ALPHA003-,SAPATO,2,Sapato Masculino,1,SAPATO,3,PRETO,23/12/24,6,"R$ 1.049,90"
D303,SAPATO,2,Sapato Masculino,1,SAPATO,3,PRETO,27/09/24,11,"R$ 1.038,30"
45016,SAPATO,2,Sapato Masculino,1,SAPATO,3,PRETO,09/12/24,5,"R$ 1.030,34"
D301.,SAPATO,2,Sapato Masculino,1,SAPATO,355,HAVANA,03/12/24,11,"R$ 1.028,30"
4463-281G,SAPATO,2,Sapato Masculino,1,SAPATO,3,PRETO,10/06/24,4,"R$ 1.013,60"
TRACK02-,SAPATO,2,Sapato Masculino,1,SAPATO,50,MARINHO,30/12/24,7,"R$ 1.000,00"
D300.,SAPATO,2,Sapato Masculino,1,SAPATO,3,PRETO,27/07/24,10,"R$ 1.000,00"
4461-281G,SAPATO,2,Sapato Masculino,1,SAPATO,3,PRETO,31/12/24,5,"R$ 973,68"
3621-641I,SAPATO,2,Sapato Masculino,1,SAPATO,19,WISKY,30/08/24,4,"R$ 959,80"
10100.0,SAPATO,2,Sapato Masculino,1,SAPATO,3,PRETO,25/11/24,6,"R$ 953,44"
LOGAN-2-001.,SAPATO,2,Sapato Masculino,1,SAPATO,3,PRETO,10/12/24,7,"R$ 942,38"
SOMA.,TENIS,2,Sapato Masculino,2,TENIS,3,PRETO,26/11/24,6,"R$ 889,90"
D301.,SAPATO,2,Sapato Masculino,1,SAPATO,30,CAFE,21/12/24,9,"R$ 870,00"
MARTE,TENIS,2,Sapato Masculino,2,TENIS,3,PRETO,06/07/24,5,"R$ 869,70"
10200.1,SAPATO,2,Sapato Masculino,1,SAPATO,90,CAPIM,06/12/24,5,"R$ 832,50"
10100.0,SAPATO,2,Sapato Masculino,1,SAPATO,32,TABACO,18/11/24,5,"R$ 791,54"
3621-641G,SAPATO,2,Sapato Masculino,1,SAPATO,3,PRETO,07/10/24,4,"R$ 784,88"
114858.,SAPATENIS,2,Sapato Masculino,1,SAPATO,50,MARINHO,27/09/24,4,"R$ 784,60"
114858.,SAPATENIS,2,Sapato Masculino,1,SAPATO,406,PINHAO,27/09/24,5,"R$ 740,80"
LOGAN-3-082.,SAPATO,2,Sapato Masculino,1,SAPATO,3,PRETO,27/09/24,7,"R$ 729,46"
TRACK01,SAPATO,2,Sapato Masculino,1,SAPATO,2,BRANCO,27/09/24,4,"R$ 725,99"
OLYMPIKUS921.,CHINELO,2,Sapato Masculino,4,CHINELO,3,PRETO,29/08/24,6,"R$ 719,40"
118410,SAPATENIS,2,Sapato Masculino,1,SAPATO,3,PRETO,11/05/24,5,"R$ 650,00"
LOGAN-3-325.,SAPATO,2,Sapato Masculino,1,SAPATO,5,MARROM,27/09/24,5,"R$ 609,68"
132202.,SANDALIA,2,Sapato Masculino,3,SANDALIA,56,CRAVO,27/09/24,4,"R$ 569,14"
133303,SANDALIA,2,Sapato Masculino,3,SANDALIA,406,PINHAO,27/09/24,4,"R$ 517,88"
SOMA,TENIS,2,Sapato Masculino,2,TENIS,50,MARINHO,08/07/24,3,"R$ 499,90"
119308.,SAPATENIS,2,Sapato Masculino,1,SAPATO,2,BRANCO,27/09/24,3,"R$ 489,78"
CT00010001.2,ALL STAR,2,Sapato Masculino,2,TENIS,2,BRANCO,25/10/24,2,"R$ 479,80"
LOGAN-2-,SAPATO,2,Sapato Masculino,1,SAPATO,355,HAVANA,16/10/24,3,"R$ 427,71"
122877,SAPATO,2,Sapato Masculino,1,SAPATO,3,PRETO,16/11/24,2,"R$ 419,90"
78701,SAPATO,2,Sapato Masculino,1,SAPATO,3,PRETO,31/12/24,2,"R$ 399,99"
131954,SANDALIA,2,Sapato Masculino,3,SANDALIA,56,CRAVO,30/10/24,2,"R$ 359,80"
131221-02,CHINELO,2,Sapato Masculino,4,CHINELO,56,CRAVO,30/10/24,3,"R$ 353,70"
ALOHA.3,HAVAIANAS,2,Sapato Masculino,4,CHINELO,100,UNICA,27/09/24,7,"R$ 323,27"
131222-01,CHINELO,2,Sapato Masculino,4,CHINELO,406,PINHAO,27/09/24,3,"R$ 294,80"
78629,SAPATO,2,Sapato Masculino,1,SAPATO,3,PRETO,31/07/24,1,"R$ 229,90"
3618-641J,SAPATO,2,Sapato Masculino,1,SAPATO,18,CONHAQUE,27/12/24,1,"R$ 200,00"
119404,SAPATENIS,2,Sapato Masculino,1,SAPATO,30,NUDE,25/05/24,2,"R$ 200,00"
DUAL.1,HAVAIANAS,2,Sapato Masculino,4,CHINELO,100,UNICA,27/09/24,4,"R$ 184,00"
BRASIL.7,HAVAIANAS,2,Sapato Masculino,4,CHINELO,100,UNICA,27/09/24,5,"R$ 183,56"
TREND.2,HAVAIANAS,2,Sapato Masculino,4,CHINELO,100,UNICA,24/10/24,5,"R$ 180,11"
TOP.0,HAVAIANAS,2,Sapato Masculino,4,CHINELO,100,UNICA,27/09/24,4,"R$ 110,40"
TOP.2,HAVAIANAS,2,Sapato Masculino,4,CHINELO,100,UNICA,05/11/24,3,"R$ 69,80"
CT17290001,TENIS,6,Tenis Adulto,7,TENIS,12,BEGE,27/09/24,1,"R$ 151,90"
ALOHA.-,CHINELO,7,Chinelo Masculino,7,CHINELO MASCULINO,100,UNICA,31/12/24,7,"R$ 148,26"
TOP-MAX,CHINELO,7,Chinelo Masculino,7,CHINELO MASCULINO,100,UNICA,27/09/24,5,"R$ 121,55"
TOP-MARVEL.,CHINELO,7,Chinelo Masculino,7,CHINELO MASCULINO,100,UNICA,27/09/24,2,"R$ 67,86"
TOP-CRUZEIRO,CHINELO,7,Chinelo Masculino,7,CHINELO MASCULINO,100,UNICA,24/10/24,1,"R$ 59,90"
SIMPSONS.-,CHINELO,7,Chinelo Masculino,7,CHINELO MASCULINO,100,UNICA,27/09/24,2,"R$ 56,56"
TOP-ATLETICO,CHINELO,7,Chinelo Masculino,7,CHINELO MASCULINO,100,UNICA,27/09/24,1,"R$ 31,73"
DUAL..,CHINELO,7,Chinelo Masculino,7,CHINELO MASCULINO,100,UNICA,27/09/24,1,"R$ 30,15"
TOP-BASIC.-,CHINELO,7,Chinelo Masculino,7,CHINELO MASCULINO,100,UNICA,27/09/24,1,"R$ 20,98"
TOP-ADULTO,CHINELO,7,Chinelo Masculino,7,CHINELO MASCULINO,100,UNICA,27/09/24,1,"R$ 15,98"
TRADICIONAL.-,CHINELO,7,Chinelo Masculino,7,CHINELO MASCULINO,100,UNICA,27/09/24,1,"R$ 13,69"
GLITTER-NEON.-,CHINELO,8,Chinelo Feminino,8,CHINELO FEMININO,100,UNICA,27/09/24,4,"R$ 174,64"
TOP-DISNEY.,CHINELO,8,Chinelo Feminino,8,CHINELO FEMININO,100,UNICA,27/09/24,3,"R$ 90,04"
TOP-FLORAL,CHINELO,8,Chinelo Feminino,8,CHINELO FEMININO,100,UNICA,27/09/24,2,"R$ 53,93"
SPARKLE,CHINELO,8,Chinelo Feminino,8,CHINELO FEMININO,100,UNICA,27/09/24,1,"R$ 43,61"
SLIM.-,CHINELO,8,Chinelo Feminino,8,CHINELO FEMININO,100,UNICA,27/09/24,2,"R$ 37,32"
SLIM-FLORAL,CHINELO,8,Chinelo Feminino,8,CHINELO FEMININO,100,UNICA,27/09/24,1,"R$ 26,85"
LOGO-METALLIC,CHINELO,8,Chinelo Feminino,8,CHINELO FEMININO,100,UNICA,27/09/24,1,"R$ 25,78"
TROPICAL.,CHINELO,8,Chinelo Feminino,8,CHINELO FEMININO,100,UNICA,12/03/24,1,"R$ 20,00"
TOP-ADULTO.-,CHINELO,8,Chinelo Feminino,8,CHINELO FEMININO,100,UNICA,27/09/24,1,"R$ 15,98"
H.FLAT RESORT,CHINELO,8,Chinelo Feminino,8,CHINELO FEMININO,100,UNICA,27/09/24,1,"R$ 13,24"
REGATA,REGATA,12,Confeccao,42,REGATA,100,UNICA,26/12/24,26,"R$ 1.810,79"
115180,CALCA,12,Confeccao,13,CALCA,100,UNICA,28/11/24,11,"R$ 1.779,39"
113706.,CALCA,12,Confeccao,13,CALCA,100,UNICA,30/10/24,5,"R$ 1.099,50"
90620005,CALCA,12,Confeccao,13,CALCA,100,UNICA,06/06/24,7,"R$ 1.019,60"
42380135,CALCA,12,Confeccao,13,CALCA,100,UNICA,01/06/24,5,"R$ 999,50"
190180188,CALCA,12,Confeccao,13,CALCA,100,UNICA,11/06/24,8,"R$ 949,70"
82302217,CALCA,12,Confeccao,13,CALCA,100,UNICA,27/09/24,5,"R$ 899,47"
90600013,CALCA,12,Confeccao,13,CALCA,100,UNICA,13/06/24,7,"R$ 899,60"
70969.0,CAMISETA,12,Confeccao,35,CAMISETA,100,UNICA,24/12/24,10,"R$ 894,50"
42351190,CALCA,12,Confeccao,13,CALCA,100,UNICA,20/07/24,5,"R$ 886,58"
114715,SHORT,12,Confeccao,18,SHORT,100,UNICA,31/12/24,6,"R$ 854,11"
80310082,CALCA,12,Confeccao,13,CALCA,100,UNICA,27/09/24,8,"R$ 803,07"
BOJO,REGATA,12,Confeccao,42,REGATA,100,UNICA,29/05/24,10,"R$ 799,00"
6364,CALCA,12,Confeccao,13,CALCA,100,UNICA,02/10/24,3,"R$ 789,60"
23188,BERMUDA,12,Confeccao,19,BERMUDA,100,UNICA,24/12/24,5,"R$ 789,97"
114715.,SHORT,12,Confeccao,18,SHORT,100,UNICA,12/12/24,5,"R$ 782,65"
42351135,CALCA,12,Confeccao,13,CALCA,100,UNICA,11/04/24,4,"R$ 769,60"
SUPLEXEG,CONJUNTO,12,Confeccao,15,CONJUNTO,100,UNICA,19/07/24,3,"R$ 749,80"
090600013.,CALCA,12,Confeccao,13,CALCA,100,UNICA,07/06/24,6,"R$ 649,90"
190350021,CALCA,12,Confeccao,13,CALCA,100,UNICA,07/06/24,7,"R$ 649,90"
190350022,CALCA,12,Confeccao,13,CALCA,100,UNICA,14/06/24,6,"R$ 647,86"
66057.1,CAMISETA,12,Confeccao,35,CAMISETA,100,UNICA,14/10/24,7,"R$ 639,20"
46010396,BODY,12,Confeccao,22,BODY,100,UNICA,27/09/24,11,"R$ 623,56"
93028.0,CALCA,12,Confeccao,13,CALCA,100,UNICA,07/11/24,4,"R$ 612,60"
JQ42188,JAQUETA,12,Confeccao,76,JAQUETA,100,UNICA,19/07/24,2,"R$ 600,00"
2075.0,CONJUNTO,12,Confeccao,15,CONJUNTO,100,UNICA,30/07/24,3,"R$ 600,00"
62378004,CALCA,12,Confeccao,13,CALCA,100,UNICA,18/09/24,3,"R$ 599,70"
62370001,CALCA,12,Confeccao,13,CALCA,100,UNICA,09/08/24,3,"R$ 599,70"
52351154,CALCA,12,Confeccao,13,CALCA,100,UNICA,08/07/24,3,"R$ 579,70"
70944.,BLUSA,12,Confeccao,12,BLUSA,100,UNICA,11/05/24,9,"R$ 569,90"
79410.,BLUSA,12,Confeccao,12,BLUSA,100,UNICA,27/05/24,11,"R$ 541,55"
106645,CAMISETA,12,Confeccao,35,CAMISETA,100,UNICA,24/12/24,6,"R$ 539,40"
113479,CAMISETA,12,Confeccao,35,CAMISETA,100,UNICA,27/09/24,6,"R$ 519,85"
4503.0,BLUSA,12,Confeccao,12,BLUSA,100,UNICA,27/09/24,10,"R$ 500,97"
4422.1,CAMISETA,12,Confeccao,35,CAMISETA,100,UNICA,27/09/24,9,"R$ 499,39"
82370284,CALCA,12,Confeccao,13,CALCA,100,UNICA,27/09/24,3,"R$ 499,67"
80420010,CALCA,12,Confeccao,13,CALCA,100,UNICA,07/06/24,4,"R$ 499,80"
72831.2,CALCA,12,Confeccao,13,CALCA,100,UNICA,20/09/24,3,"R$ 494,88"
11010021,CALCA,12,Confeccao,13,CALCA,100,UNICA,13/12/24,3,"R$ 479,74"
77125,BLUSAO,12,Confeccao,12,BLUSA,100,UNICA,02/08/24,4,"R$ 479,96"
80310086,CALCA,12,Confeccao,13,CALCA,100,UNICA,05/06/24,4,"R$ 469,90"
CL42180,CALCA,12,Confeccao,13,CALCA,100,UNICA,12/01/24,2,"R$ 469,91"
LP14551,CALCA,12,Confeccao,13,CALCA,100,UNICA,10/06/24,4,"R$ 459,80"
106961,CALCA,12,Confeccao,13,CALCA,100,UNICA,01/04/24,3,"R$ 449,70"
22580,CALCA,12,Confeccao,13,CALCA,100,UNICA,27/09/24,3,"R$ 437,98"
7759,CAMISA,12,Confeccao,34,CAMISA,100,UNICA,27/09/24,2,"R$ 436,80"
46010192,BODY,12,Confeccao,22,BODY,100,UNICA,07/02/24,7,"R$ 420,00"
4423.3,CAMISETA,12,Confeccao,35,CAMISETA,100,UNICA,05/07/24,7,"R$ 419,29"
6362,CALCA,12,Confeccao,13,CALCA,100,UNICA,27/09/24,3,"R$ 415,65"
113706,CALCA,12,Confeccao,13,CALCA,100,UNICA,05/12/24,2,"R$ 414,86"
351230,BLUSA,12,Confeccao,12,BLUSA,100,UNICA,24/12/24,4,"R$ 413,72"
1VE22919,CONJUNTO,12,Confeccao,15,CONJUNTO,100,UNICA,13/06/24,3,"R$ 400,00"
LP14580,CALCA,12,Confeccao,13,CALCA,100,UNICA,18/06/24,4,"R$ 400,00"
LP14520,CALCA,12,Confeccao,13,CALCA,100,UNICA,13/06/24,4,"R$ 400,00"
VE999,VESTIDO,12,Confeccao,14,VESTIDO,100,UNICA,07/12/24,4,"R$ 399,60"
113539,CALCA,12,Confeccao,13,CALCA,100,UNICA,27/12/24,2,"R$ 399,80"
BORY13,BODY,12,Confeccao,17,BORY,100,UNICA,27/09/24,4,"R$ 394,80"
4990.,VESTIDO,12,Confeccao,14,VESTIDO,100,UNICA,27/09/24,2,"R$ 391,94"
72402001,CALCA,12,Confeccao,13,CALCA,100,UNICA,13/11/24,2,"R$ 389,80"
3103.0,CONJUNTO,12,Confeccao,15,CONJUNTO,100,UNICA,27/09/24,2,"R$ 388,91"
7735.,BLUSA,12,Confeccao,12,BLUSA,100,UNICA,27/09/24,3,"R$ 384,80"
351231,BLUSA,12,Confeccao,12,BLUSA,100,UNICA,31/12/24,4,"R$ 380,91"
CL41671,CALCA,12,Confeccao,13,CALCA,100,UNICA,27/09/24,2,"R$ 379,82"
85891,BLUSA,12,Confeccao,12,BLUSA,100,UNICA,28/02/24,6,"R$ 379,90"
009013.4,REGATA,12,Confeccao,42,REGATA,100,UNICA,19/12/24,7,"R$ 374,37"
1VE17913,VESTIDO,12,Confeccao,14,VESTIDO,100,UNICA,22/10/24,2,"R$ 370,05"
5092,VESTIDO,12,Confeccao,14,VESTIDO,100,UNICA,11/10/24,2,"R$ 361,91"
120878,VESTIDO,12,Confeccao,14,VESTIDO,100,UNICA,13/12/24,3,"R$ 359,70"
Q7875S,BOTA,12,Confeccao,13,CALCA,5,MARROM,04/09/24,3,"R$ 359,90"
70910.0,BLUSA,12,Confeccao,12,BLUSA,100,UNICA,27/09/24,7,"R$ 356,92"
CL50.,CALCA,12,Confeccao,13,CALCA,100,UNICA,27/09/24,6,"R$ 350,00"
CL35.,CALCA,12,Confeccao,13,CALCA,100,UNICA,27/09/24,7,"R$ 343,30"
10923,CALCA,12,Confeccao,13,CALCA,100,UNICA,27/12/24,2,"R$ 339,80"
BL20.0,BLUSA,12,Confeccao,14,VESTIDO,100,UNICA,24/10/24,9,"R$ 338,98"
10924,CALCA,12,Confeccao,13,CALCA,100,UNICA,04/11/24,2,"R$ 331,30"
46010123,BODY,12,Confeccao,22,BODY,100,UNICA,27/09/24,6,"R$ 324,95"
351232,BLUSA,12,Confeccao,12,BLUSA,100,UNICA,27/09/24,3,"R$ 305,50"
82346269,CALCA,12,Confeccao,13,CALCA,100,UNICA,27/09/24,2,"R$ 303,81"
5647921,CONJUNTO,12,Confeccao,15,CONJUNTO,100,UNICA,21/10/24,2,"R$ 300,00"
B58640005,CONJUNTO,12,Confeccao,15,CONJUNTO,100,UNICA,25/05/24,2,"R$ 300,00"
5275.0,CALCA,12,Confeccao,13,CALCA,100,UNICA,18/03/24,2,"R$ 300,00"
112074,CAMISETA,12,Confeccao,35,CAMISETA,100,UNICA,21/12/24,3,"R$ 299,70"
801003,CAMISA,12,Confeccao,34,CAMISA,100,UNICA,29/05/24,3,"R$ 299,96"
CL50-,CALCA,12,Confeccao,13,CALCA,100,UNICA,30/12/24,3,"R$ 299,70"
TE10985,CALCA,12,Confeccao,13,CALCA,100,UNICA,24/12/24,2,"R$ 299,80"
113703,CALCA,12,Confeccao,13,CALCA,100,UNICA,27/09/24,2,"R$ 295,63"
072378004.,CALCA,12,Confeccao,13,CALCA,100,UNICA,27/09/24,2,"R$ 295,82"
830080,CALCA,12,Confeccao,13,CALCA,100,UNICA,27/09/24,4,"R$ 289,25"
92380201,BERMUDA,12,Confeccao,19,BERMUDA,100,UNICA,22/03/24,2,"R$ 289,90"
92321091,BERMUDA,12,Confeccao,19,BERMUDA,100,UNICA,27/09/24,2,"R$ 285,73"
92351281,BERMUDA,12,Confeccao,19,BERMUDA,100,UNICA,27/09/24,2,"R$ 282,71"
02M,MACACAO,12,Confeccao,11,MACACAO,100,UNICA,27/09/24,2,"R$ 279,80"
2687.-,BLUSA,12,Confeccao,12,BLUSA,100,UNICA,16/12/24,4,"R$ 279,60"
BL17.,BLUSA,12,Confeccao,12,BLUSA,100,UNICA,01/11/24,7-,"279,30-"
BB5532,BLUSA,12,Confeccao,12,BLUSA,100,UNICA,26/12/24,4,"R$ 270,04"
80310088,BERMUDA,12,Confeccao,19,BERMUDA,100,UNICA,28/03/24,3,"R$ 270,00"
VESTIDO12,VESTIDO,12,Confeccao,14,VESTIDO,100,UNICA,25/11/24,4,"R$ 269,80"
200160091,REGATA,12,Confeccao,42,REGATA,100,UNICA,22/01/24,5,"R$ 269,89"
4426.0,CAMISA,12,Confeccao,34,CAMISA,100,UNICA,23/12/24,3,"R$ 269,70"
90640021,CALCA,12,Confeccao,13,CALCA,100,UNICA,25/05/24,2,"R$ 269,90"
BL239,BLUSA,12,Confeccao,12,BLUSA,100,UNICA,27/09/24,8,"R$ 269,20"
102444,BLUSA,12,Confeccao,12,BLUSA,100,UNICA,30/04/24,4,"R$ 269,90"
351220,BLUSA,12,Confeccao,12,BLUSA,100,UNICA,27/09/24,3,"R$ 267,41"
1VE5910,REGATA,12,Confeccao,42,REGATA,100,UNICA,27/09/24,4,"R$ 266,05"
671.0,VESTIDO,12,Confeccao,14,VESTIDO,100,UNICA,27/09/24,2,"R$ 251,82"
72831.3,CALCA,12,Confeccao,13,CALCA,100,UNICA,27/09/24,2,"R$ 251,25"
46010238,REGATA,12,Confeccao,42,REGATA,100,UNICA,05/04/24,5,"R$ 250,00"
CL000431,CALCA,12,Confeccao,13,CALCA,100,UNICA,01/07/24,2,"R$ 250,00"
99066,BLUSA,12,Confeccao,12,BLUSA,100,UNICA,13/06/24,5,"R$ 250,00"
010470232.,BLUSA,12,Confeccao,12,BLUSA,100,UNICA,16/05/24,5,"R$ 250,00"
BB4935,REGATA,12,Confeccao,42,REGATA,100,UNICA,29/02/24,5,"R$ 249,99"
CL000419,CALCA,12,Confeccao,13,CALCA,100,UNICA,13/06/24,1,"R$ 249,90"
03270-089.0,MEIA,12,Confeccao,66,MEIA,100,UNICA,06/12/24,7,"R$ 245,02"
40640001,VESTIDO,12,Confeccao,14,VESTIDO,100,UNICA,07/02/24,2,"R$ 240,00"
BB4505,T-SHIRT,12,Confeccao,12,BLUSA,100,UNICA,06/03/24,4,"R$ 240,00"
BB4533,T-SHIRT,12,Confeccao,12,BLUSA,100,UNICA,08/02/24,4,"R$ 240,00"
200100089,REGATA,12,Confeccao,42,REGATA,100,UNICA,19/01/24,4,"R$ 240,00"
829,CALCA,12,Confeccao,13,CALCA,100,UNICA,09/12/24,1,"R$ 239,90"
BL12.-,BLUSA,12,Confeccao,12,BLUSA,100,UNICA,31/12/24,6,"R$ 239,40"
111326,CAMISA,12,Confeccao,34,CAMISA,100,UNICA,15/10/24,2,"R$ 234,88"
117901.,CALCA,12,Confeccao,13,CALCA,100,UNICA,27/09/24,2,"R$ 231,31"
10470248,BLUSA,12,Confeccao,12,BLUSA,100,UNICA,05/11/24,4,"R$ 231,48"
VE75.,VESTIDO,12,Confeccao,14,VESTIDO,100,UNICA,06/01/24,2,"R$ 229,80"
7732,CAMISA,12,Confeccao,34,CAMISA,100,UNICA,27/09/24,1,"R$ 227,90"
351337,VESTIDO,12,Confeccao,14,VESTIDO,100,UNICA,27/09/24,1,"R$ 215,91"
351335,VESTIDO,12,Confeccao,14,VESTIDO,100,UNICA,27/09/24,1,"R$ 215,91"
23284,CALCA,12,Confeccao,13,CALCA,100,UNICA,27/09/24,2,"R$ 211,51"
82351275,BERMUDA,12,Confeccao,19,BERMUDA,100,UNICA,08/02/24,3,"R$ 210,10"
B62080005,CONJUNTO,12,Confeccao,15,CONJUNTO,100,UNICA,28/12/24,1,"R$ 209,93"
2606.,BLUSA,12,Confeccao,12,BLUSA,100,UNICA,27/09/24,3,"R$ 209,70"
7764.,BLUSA,12,Confeccao,12,BLUSA,100,UNICA,27/09/24,3,"R$ 208,90"
MALDIVAS,VESTIDO,12,Confeccao,14,VESTIDO,100,UNICA,04/12/24,1,"R$ 200,00"
3728.,VESTIDO,12,Confeccao,14,VESTIDO,100,UNICA,31/07/24,2,"R$ 200,00"
B57590005,VESTIDO,12,Confeccao,14,VESTIDO,100,UNICA,22/02/24,1,"R$ 200,00"
VE50.2,VESTIDO,12,Confeccao,14,VESTIDO,100,UNICA,08/02/24,3,"R$ 200,00"
46010386,CROPPED,12,Confeccao,79,CROPPED,100,UNICA,20/04/24,4,"R$ 200,00"
372008,CONJUNTO,12,Confeccao,15,CONJUNTO,100,UNICA,27/12/24,1,"R$ 200,00"
B59840005,CONJUNTO,12,Confeccao,15,CONJUNTO,100,UNICA,26/11/24,1,"R$ 200,00"
3126.,CONJUNTO,12,Confeccao,15,CONJUNTO,100,UNICA,04/09/24,1,"R$ 200,00"
3070.0,CONJUNTO,12,Confeccao,15,CONJUNTO,100,UNICA,25/05/24,1,"R$ 200,00"
B58860005,CONJUNTO,12,Confeccao,15,CONJUNTO,100,UNICA,10/05/24,1,"R$ 200,00"
5613941,CONJUNTO,12,Confeccao,15,CONJUNTO,100,UNICA,25/01/24,1,"R$ 200,00"
190030355,CALCA,12,Confeccao,13,CALCA,100,UNICA,25/05/24,2,"R$ 200,00"
CL41870,CALCA,12,Confeccao,13,CALCA,100,UNICA,30/01/24,1,"R$ 200,00"
CL42069,CALCA,12,Confeccao,13,CALCA,100,UNICA,13/01/24,1,"R$ 200,00"
CL42262,CALCA,12,Confeccao,13,CALCA,100,UNICA,10/01/24,1,"R$ 200,00"
14682,BLUSA,12,Confeccao,12,BLUSA,100,UNICA,19/10/24,2,"R$ 200,00"
SA02.0,BLUSA,12,Confeccao,12,BLUSA,100,UNICA,23/08/24,2,"R$ 200,00"
14458,BLUSA,12,Confeccao,12,BLUSA,100,UNICA,01/07/24,2,"R$ 200,00"
351225,BLUSA,12,Confeccao,12,BLUSA,100,UNICA,07/05/24,2,"R$ 200,00"
5295.,BLUSA,12,Confeccao,12,BLUSA,100,UNICA,04/03/24,2,"R$ 200,00"
129496,BLUSA,12,Confeccao,12,BLUSA,100,UNICA,16/02/24,2,"R$ 200,00"
7761,BLUSA,12,Confeccao,12,BLUSA,100,UNICA,24/01/24,2,"R$ 200,00"
14463.,BLUSA,12,Confeccao,12,BLUSA,100,UNICA,12/01/24,2,"R$ 200,00"
190030331,SHORT,12,Confeccao,18,SHORT,100,UNICA,12/09/24,1,"R$ 199,80"
80340013,SHORT,12,Confeccao,18,SHORT,100,UNICA,23/01/24,2,"R$ 199,80"
B48830005,CONJUNTO,12,Confeccao,15,CONJUNTO,100,UNICA,27/09/24,2,"R$ 199,80"
B46830105,CONJUNTO,12,Confeccao,15,CONJUNTO,100,UNICA,27/09/24,2,"R$ 199,80"
753700,CALCA,12,Confeccao,13,CALCA,100,UNICA,13/11/24,1,"R$ 199,90"
82490154,CALCA,12,Confeccao,13,CALCA,100,UNICA,05/10/24,1,"R$ 199,90"
2446.--,CALCA,12,Confeccao,13,CALCA,100,UNICA,30/09/24,1,"R$ 199,90"
516800.1,CALCA,12,Confeccao,13,CALCA,100,UNICA,08/06/24,1,"R$ 199,90"
01381.3,CALCA,12,Confeccao,13,CALCA,100,UNICA,17/05/24,1,"R$ 199,90"
42378085,CALCA,12,Confeccao,13,CALCA,100,UNICA,10/05/24,1,"R$ 199,90"
113708,CALCA,12,Confeccao,13,CALCA,100,UNICA,04/04/24,1,"R$ 199,90"
62370003,CALCA,12,Confeccao,13,CALCA,100,UNICA,20/03/24,1,"R$ 199,90"
171024,BLUSA,12,Confeccao,12,BLUSA,100,UNICA,30/12/24,2,"R$ 199,80"
22449,CALCA,12,Confeccao,13,CALCA,100,UNICA,27/09/24,2,"R$ 195,52"
PLUS.,CALCA,12,Confeccao,13,CALCA,100,UNICA,27/09/24,4,"R$ 190,00"
72837.,CALCA,12,Confeccao,13,CALCA,100,UNICA,27/09/24,2,"R$ 190,76"
10067.,CALCA,12,Confeccao,13,CALCA,100,UNICA,11/06/24,1,"R$ 190,00"
CL41798,CALCA,12,Confeccao,13,CALCA,100,UNICA,27/09/24,1,"R$ 189,91"
CL41770,CALCA,12,Confeccao,13,CALCA,100,UNICA,27/09/24,1,"R$ 189,91"
BERMUDA,BERMUDA,12,Confeccao,19,BERMUDA,100,UNICA,14/03/24,1,"R$ 189,90"
BEFT0030,BERMUDA,12,Confeccao,19,BERMUDA,100,UNICA,22/01/24,1,"R$ 189,90"
B7763A,BLUSA,12,Confeccao,12,BLUSA,100,UNICA,02/03/24,3,"R$ 180,00"
10524,REGATA,12,Confeccao,42,REGATA,100,UNICA,18/11/24,2,"R$ 179,80"
77053,CAMISETA,12,Confeccao,35,CAMISETA,100,UNICA,09/03/24,2,"R$ 179,80"
2767,CALCA,12,Confeccao,13,CALCA,100,UNICA,27/09/24,2,"R$ 179,80"
54.,BLUSA,12,Confeccao,12,BLUSA,100,UNICA,16/12/24,3,"R$ 179,90"
92251201,BERMUDA,12,Confeccao,19,BERMUDA,100,UNICA,27/09/24,2,"R$ 179,90"
26298.,JAQUETA,12,Confeccao,76,JAQUETA,100,UNICA,07/12/24,2,"R$ 174,77"
5631931,CONJUNTO,12,Confeccao,15,CONJUNTO,100,UNICA,03/01/24,1,"R$ 174,91"
MC50.0,MACAQUINHO,12,Confeccao,39,MACAQUINHO,100,UNICA,27/09/24,3,"R$ 170,00"
B59170005,CONJUNTO,12,Confeccao,15,CONJUNTO,100,UNICA,27/09/24,1,"R$ 169,80"
93028.,CALCA,12,Confeccao,13,CALCA,100,UNICA,26/12/24,1,"R$ 166,64"
26303,CALCA,12,Confeccao,13,CALCA,100,UNICA,12/12/24,2,"R$ 160,00"
71024,REGATA,12,Confeccao,42,REGATA,100,UNICA,18/11/24,2,"R$ 159,80"
6387.,CAMISETA,12,Confeccao,35,CAMISETA,100,UNICA,02/08/24,1,"R$ 159,90"
K37852,CALCA,12,Confeccao,13,CALCA,100,UNICA,26/12/24,1,"R$ 159,90"
190924,BLUSA,12,Confeccao,12,BLUSA,100,UNICA,23/12/24,2,"R$ 159,80"
54823.0,BLUSA,12,Confeccao,12,BLUSA,100,UNICA,13/08/24,2,"R$ 154,90"
352026,CONJUNTO,12,Confeccao,15,CONJUNTO,100,UNICA,27/09/24,1,"R$ 152,91"
291901,CALCA,12,Confeccao,13,CALCA,100,UNICA,27/09/24,2,"R$ 152,82"
VE70.1,VESTIDO,12,Confeccao,14,VESTIDO,100,UNICA,27/09/24,2,"R$ 150,00"
B57580005,VESTIDO,12,Confeccao,14,VESTIDO,100,UNICA,11/01/24,1,"R$ 150,00"
24101.-,CONJUNTO,12,Confeccao,15,CONJUNTO,100,UNICA,27/12/24,1,"R$ 150,00"
5602911,CONJUNTO,12,Confeccao,15,CONJUNTO,100,UNICA,26/11/24,1,"R$ 150,00"
352004,CONJUNTO,12,Confeccao,15,CONJUNTO,100,UNICA,23/01/24,1,"R$ 150,00"
CL010003,CALCA,12,Confeccao,13,CALCA,100,UNICA,06/08/24,1,"R$ 150,00"
CL41814,CALCA,12,Confeccao,13,CALCA,100,UNICA,24/06/24,1,"R$ 150,00"
14777,BLUSA,12,Confeccao,12,BLUSA,100,UNICA,07/10/24,1,"R$ 150,00"
14394,BLUSA,12,Confeccao,12,BLUSA,100,UNICA,27/09/24,1,"R$ 150,15"
14348,BLUSA,12,Confeccao,12,BLUSA,100,UNICA,27/09/24,1,"R$ 150,15"
10988,CALCA,12,Confeccao,13,CALCA,100,UNICA,23/11/24,1,"R$ 149,90"
20537,CALCA,12,Confeccao,13,CALCA,100,UNICA,19/10/24,1,"R$ 149,90"
371241.-,BLUSA,12,Confeccao,12,BLUSA,100,UNICA,21/11/24,1,"R$ 149,90"
VE70.0,VESTIDO,12,Confeccao,14,VESTIDO,100,UNICA,27/09/24,2,"R$ 140,00"
SA50,SAIA,12,Confeccao,43,SAIA,100,UNICA,07/03/24,2,"R$ 140,00"
MK-130,BLUSA,12,Confeccao,12,BLUSA,100,UNICA,27/09/24,4,"R$ 140,00"
BD20,BLUSA,12,Confeccao,12,BLUSA,100,UNICA,27/09/24,7,"R$ 140,00"
3329.0,BLUSA,12,Confeccao,12,BLUSA,100,UNICA,23/08/24,2,"R$ 140,00"
C139,CONJUNTO,12,Confeccao,15,CONJUNTO,100,UNICA,27/09/24,1,"R$ 139,90"
6385.,CAMISETA,12,Confeccao,35,CAMISETA,100,UNICA,19/07/24,1,"R$ 139,90"
CALCA.1,CALCA,12,Confeccao,13,CALCA,100,UNICA,19/06/24,2,"R$ 139,90"
90600012,CALCA,12,Confeccao,13,CALCA,100,UNICA,19/02/24,1,"R$ 139,90"
24569,BLUSA,12,Confeccao,12,BLUSA,100,UNICA,26/12/24,1,"R$ 139,90"
371212,BLUSA,12,Confeccao,12,BLUSA,100,UNICA,26/11/24,1,"R$ 139,90"
14802,BLUSA,12,Confeccao,12,BLUSA,100,UNICA,21/11/24,1,"R$ 139,90"
B62760005,BLUSA,12,Confeccao,12,BLUSA,100,UNICA,14/11/24,1,"R$ 139,90"
000013460.,BERMUDA,12,Confeccao,19,BERMUDA,100,UNICA,09/02/24,1,"R$ 130,00"
VS MIVI129,VESTIDO,12,Confeccao,14,VESTIDO,100,UNICA,27/09/24,1,"R$ 129,90"
VE50.1,VESTIDO,12,Confeccao,14,VESTIDO,100,UNICA,27/09/24,2,"R$ 129,90"
JAQUETA4,JAQUETA,12,Confeccao,76,JAQUETA,100,UNICA,04/06/24,1,"R$ 129,90"
66066.0,CAMISA,12,Confeccao,34,CAMISA,100,UNICA,06/02/24,1,"R$ 129,90"
BL40,BLUSA,12,Confeccao,12,BLUSA,100,UNICA,17/12/24,2,"R$ 129,90"
321233,BLUSA,12,Confeccao,12,BLUSA,100,UNICA,27/09/24,2,"R$ 129,80"
B6582A,BLUSA,12,Confeccao,12,BLUSA,100,UNICA,27/09/24,3,"R$ 125,01"
3595.0,BLUSA,12,Confeccao,12,BLUSA,100,UNICA,23/11/24,2,"R$ 120,00"
7052.,BLUSA,12,Confeccao,12,BLUSA,100,UNICA,23/07/24,2,"R$ 120,00"
B59380005,BLUSA,12,Confeccao,12,BLUSA,100,UNICA,16/02/24,2,"R$ 120,00"
VE14,VESTIDO,12,Confeccao,14,VESTIDO,100,UNICA,20/12/24,1,"R$ 119,90"
14850,REGATA,12,Confeccao,12,BLUSA,100,UNICA,02/10/24,1,"R$ 119,90"
4423.2,CAMISETA,12,Confeccao,35,CAMISETA,100,UNICA,19/09/24,2,"R$ 119,79"
6609.,CALCA,12,Confeccao,13,CALCA,100,UNICA,18/10/24,1,"R$ 119,90"
6142.,CALCA,12,Confeccao,13,CALCA,100,UNICA,27/09/24,1,"R$ 119,45"
13799,BLUSA,12,Confeccao,12,BLUSA,100,UNICA,16/11/24,1,"R$ 119,90"
2759921,VESTIDO,12,Confeccao,14,VESTIDO,100,UNICA,27/09/24,1,"R$ 116,85"
9743,JAQUETA,12,Confeccao,76,JAQUETA,100,UNICA,27/09/24,1,"R$ 108,78"
10086.,CALCA,12,Confeccao,12,BLUSA,100,UNICA,27/09/24,2,"R$ 105,44"
7245.001.,MEIA,12,Confeccao,66,MEIA,100,UNICA,23/07/24,3,"R$ 104,70"
VE100,VESTIDO,12,Confeccao,14,VESTIDO,100,UNICA,27/09/24,1,"R$ 100,00"
BB10936,VESTIDO,12,Confeccao,14,VESTIDO,100,UNICA,23/01/24,1,"R$ 100,00"
VE45,VESTIDO,12,Confeccao,14,VESTIDO,100,UNICA,16/01/24,2,"R$ 100,00"
B59120005,SHORT,12,Confeccao,18,SHORT,100,UNICA,22/01/24,1,"R$ 100,00"
B58820005,CONJUNTO,12,Confeccao,15,CONJUNTO,100,UNICA,21/12/24,1,"R$ 100,00"
5621941,CONJUNTO,12,Confeccao,15,CONJUNTO,100,UNICA,04/07/24,1,"R$ 100,00"
310705,CAMISA,12,Confeccao,34,CAMISA,100,UNICA,25/05/24,1,"R$ 100,00"
6266,CALCA,12,Confeccao,13,CALCA,100,UNICA,27/09/24,1,"R$ 100,61"
CL000420,CALCA,12,Confeccao,13,CALCA,100,UNICA,03/09/24,1,"R$ 100,00"
5286.0,CALCA,12,Confeccao,13,CALCA,100,UNICA,05/08/24,1,"R$ 100,00"
90600007,CALCA,12,Confeccao,13,CALCA,100,UNICA,11/06/24,1,"R$ 100,00"
A190030418,CALCA,12,Confeccao,13,CALCA,100,UNICA,08/06/24,1,"R$ 100,00"
77118,BLUSAO,12,Confeccao,12,BLUSA,100,UNICA,06/06/24,1,"R$ 100,00"
77120,BLUSAO,12,Confeccao,12,BLUSA,100,UNICA,06/06/24,1,"R$ 100,00"
SA01.,BLUSA,12,Confeccao,12,BLUSA,100,UNICA,31/12/24,1,"R$ 100,00"
3807,BLUSA,12,Confeccao,12,BLUSA,100,UNICA,07/12/24,1,"R$ 100,00"
14344.,BLUSA,12,Confeccao,12,BLUSA,100,UNICA,19/10/24,1,"R$ 100,00"
BLS20,BLUSA,12,Confeccao,12,BLUSA,100,UNICA,27/09/24,5,"R$ 100,00"
14471.,BLUSA,12,Confeccao,12,BLUSA,100,UNICA,12/04/24,1,"R$ 100,00"
7741.,BLUSA,12,Confeccao,12,BLUSA,100,UNICA,14/03/24,1,"R$ 100,00"
514186,BLUSA,12,Confeccao,12,BLUSA,100,UNICA,08/03/24,2,"R$ 100,00"
4503.,BLUSA,12,Confeccao,12,BLUSA,100,UNICA,07/03/24,2,"R$ 100,00"
14394.,BLUSA,12,Confeccao,12,BLUSA,100,UNICA,29/02/24,1,"R$ 100,00"
14454.,BLUSA,12,Confeccao,12,BLUSA,100,UNICA,21/02/24,1,"R$ 100,00"
14348.0,BLUSA,12,Confeccao,12,BLUSA,100,UNICA,03/02/24,1,"R$ 100,00"
14456,BLUSA,12,Confeccao,12,BLUSA,100,UNICA,02/02/24,1,"R$ 100,00"
113595,BLUSA,12,Confeccao,12,BLUSA,100,UNICA,01/02/24,2,"R$ 100,00"
14358.,BLUSA,12,Confeccao,12,BLUSA,100,UNICA,01/02/24,1,"R$ 100,00"
14453,BLUSA,12,Confeccao,12,BLUSA,100,UNICA,01/02/24,1,"R$ 100,00"
14449.,BLUSA,12,Confeccao,12,BLUSA,100,UNICA,12/01/24,1,"R$ 100,00"
TS20,T-SHIRT,12,Confeccao,12,BLUSA,100,UNICA,10/01/24,4,"R$ 99,90"
CL999-,CALCA,12,Confeccao,13,CALCA,100,UNICA,08/11/24,1,"R$ 99,90"
ALLES,BLUSA,12,Confeccao,12,BLUSA,100,UNICA,23/12/24,1,"R$ 99,90"
046010368.,REGATA,12,Confeccao,42,REGATA,100,UNICA,27/09/24,3,"R$ 98,20"
112201146,CALCA,12,Confeccao,13,CALCA,100,UNICA,27/09/24,1,"R$ 96,82"
SH25,SHORT,12,Confeccao,18,SHORT,100,UNICA,05/02/24,3,"R$ 90,00"
79410,BLUSA,12,Confeccao,12,BLUSA,100,UNICA,27/09/24,2,"R$ 90,08"
7740.001.2,MEIA,12,Confeccao,66,MEIA,100,UNICA,27/09/24,3,"R$ 88,07"
8.050.300,MEIA,12,Confeccao,66,MEIA,100,UNICA,24/12/24,6,"R$ 87,57"
640,BLUSA,12,Confeccao,12,BLUSA,100,UNICA,27/09/24,4,"R$ 83,52"
M40.,VESTIDO,12,Confeccao,14,VESTIDO,100,UNICA,27/09/24,2,"R$ 80,00"
VESTIDO3.0,VESTIDO,12,Confeccao,14,VESTIDO,100,UNICA,11/06/24,1,"R$ 80,00"
VESTIDO.0,VESTIDO,12,Confeccao,14,VESTIDO,100,UNICA,09/01/24,1,"R$ 80,00"
743382,REGATA,12,Confeccao,42,REGATA,100,UNICA,23/02/24,2,"R$ 80,00"
M088,BLUSA,12,Confeccao,12,BLUSA,100,UNICA,27/09/24,2,"R$ 80,00"
CASAC02,CASACO,12,Confeccao,75,CASACO,100,UNICA,27/09/24,1,"R$ 79,00"
130524,BLUSA,12,Confeccao,12,BLUSA,100,UNICA,14/11/24,1,"R$ 79,90"
93028,CALCA,12,Confeccao,13,CALCA,100,UNICA,27/09/24,1,"R$ 76,71"
FAM,CONJUNTO,12,Confeccao,15,CONJUNTO,100,UNICA,27/09/24,1,"R$ 75,00"
B53620005,BLUSA,12,Confeccao,12,BLUSA,100,UNICA,27/09/24,1,"R$ 75,90"
B40540005,BLUSA,12,Confeccao,12,BLUSA,100,UNICA,27/09/24,2,"R$ 75,46"
81705,CAMISA,12,Confeccao,34,CAMISA,100,UNICA,27/09/24,1,"R$ 71,25"
VESTIDO3,VESTIDO,12,Confeccao,14,VESTIDO,100,UNICA,16/01/24,1,"R$ 70,00"
435304.,BLUSA,12,Confeccao,12,BLUSA,100,UNICA,24/05/24,1,"R$ 70,00"
435318,BLUSA,12,Confeccao,12,BLUSA,100,UNICA,26/04/24,1,"R$ 70,00"
200160070,BLUSA,12,Confeccao,12,BLUSA,100,UNICA,20/04/24,1,"R$ 70,00"
B7207A,BLUSA,12,Confeccao,12,BLUSA,100,UNICA,29/01/24,1,"R$ 70,00"
351260,BLUSA,12,Confeccao,12,BLUSA,100,UNICA,25/01/24,1,"R$ 70,00"
B59510005,BLUSA,12,Confeccao,12,BLUSA,100,UNICA,05/01/24,1,"R$ 70,00"
323008,CAMISA,12,Confeccao,34,CAMISA,100,UNICA,27/09/24,1,"R$ 66,50"
V865,VESTIDO,12,Confeccao,14,VESTIDO,100,UNICA,27/09/24,1,"R$ 65,00"
BL8005,BLUSA,12,Confeccao,12,BLUSA,100,UNICA,27/09/24,1,"R$ 65,00"
BLZ65,BLAZER,12,Confeccao,75,CASACO,100,UNICA,27/09/24,1,"R$ 65,00"
0142.,BLUSA,12,Confeccao,12,BLUSA,100,UNICA,27/09/24,4,"R$ 60,64"
6090,BLUSA,12,Confeccao,12,BLUSA,100,UNICA,03/08/24,1,"R$ 60,00"
BL3,BLUSA,12,Confeccao,12,BLUSA,100,UNICA,06/06/24,1,"R$ 60,00"
143.0,BLUSA,12,Confeccao,12,BLUSA,100,UNICA,09/02/24,1,"R$ 60,00"
B7463,BLUSA,12,Confeccao,12,BLUSA,100,UNICA,06/01/24,1,"R$ 60,00"
9786,REGATA,12,Confeccao,12,BLUSA,100,UNICA,23/12/24,1,"R$ 59,90"
009013.3,REGATA,12,Confeccao,42,REGATA,100,UNICA,18/06/24,1,"R$ 59,90"
L1017,BLUSA,12,Confeccao,12,BLUSA,100,UNICA,27/09/24,2,"R$ 59,80"
BLVR1,BLUSA,12,Confeccao,12,BLUSA,100,UNICA,27/09/24,2,"R$ 59,80"
BLDV,BLUSA,12,Confeccao,12,BLUSA,100,UNICA,27/09/24,2,"R$ 59,80"
60200103,CALCA,12,Confeccao,13,CALCA,100,UNICA,27/09/24,1,"R$ 58,28"
8.005.004,MEIA,12,Confeccao,66,MEIA,100,UNICA,21/10/24,3,"R$ 57,06"
JAQUETA1,JAQUETA,12,Confeccao,76,JAQUETA,100,UNICA,27/09/24,1,"R$ 55,00"
493068,BLUSA,12,Confeccao,12,BLUSA,100,UNICA,27/09/24,2,"R$ 55,45"
7451.001.2,MEIA,12,Confeccao,66,MEIA,100,UNICA,27/09/24,2,"R$ 53,34"
32.,BLUSA,12,Confeccao,12,BLUSA,100,UNICA,27/09/24,1,"R$ 51,90"
46010220,REGATA,12,Confeccao,42,REGATA,100,UNICA,14/02/24,1,"R$ 50,00"
BB4929,REGATA,12,Confeccao,42,REGATA,100,UNICA,22/01/24,1,"R$ 50,00"
46010368,REGATA,12,Confeccao,42,REGATA,100,UNICA,22/01/24,1,"R$ 50,00"
MODAS64.,CALCA,12,Confeccao,13,CALCA,100,UNICA,27/09/24,1,"R$ 50,00"
BR40.,BODY,12,Confeccao,17,BORY,100,UNICA,01/03/24,1,"R$ 50,00"
M093,BLUSA,12,Confeccao,12,BLUSA,100,UNICA,27/09/24,1,"R$ 50,00"
BL50.,BLAZER,12,Confeccao,75,CASACO,100,UNICA,27/09/24,1,"R$ 50,00"
B7858A,BLUSA,12,Confeccao,12,BLUSA,100,UNICA,27/09/24,1,"R$ 47,61"
J327,BLUSA,12,Confeccao,12,BLUSA,100,UNICA,27/09/24,1,"R$ 45,00"
SAIA11,SAIA,12,Confeccao,43,SAIA,100,UNICA,27/09/24,1,"R$ 40,00"
CASACO4,CASACO,12,Confeccao,75,CASACO,100,UNICA,27/09/24,1,"R$ 40,00"
10118,BLUSA,12,Confeccao,12,BLUSA,100,UNICA,27/09/24,1,"R$ 40,40"
V59,BLUSA,12,Confeccao,12,BLUSA,100,UNICA,08/08/24,1,"R$ 40,00"
LUREX,SAIA,12,Confeccao,43,SAIA,100,UNICA,04/03/24,1,"R$ 39,99"
BR59.,BODY,12,Confeccao,17,BORY,100,UNICA,05/01/24,1,"R$ 39,98"
CL176,BLUSA,12,Confeccao,12,BLUSA,100,UNICA,27/09/24,1,"R$ 39,90"
SP18,BLUSA,12,Confeccao,12,BLUSA,100,UNICA,27/09/24,2,"R$ 37,80"
BL--,BLUSA,12,Confeccao,12,BLUSA,100,UNICA,27/09/24,2,"R$ 36,00"
BR35.,BODY,12,Confeccao,17,BORY,100,UNICA,27/09/24,1,"R$ 35,00"
BORY2,BODY,12,Confeccao,17,BORY,100,UNICA,27/09/24,1,"R$ 35,00"
PIP04,BLUSA,12,Confeccao,12,BLUSA,100,UNICA,27/09/24,1,"R$ 35,00"
F-523,BLUSA,12,Confeccao,12,BLUSA,100,UNICA,27/09/24,1,"R$ 35,00"
4090.001.0,MEIA,12,Confeccao,66,MEIA,100,UNICA,27/09/24,2,"R$ 34,36"
04535-989,MEIA,12,Confeccao,66,MEIA,100,UNICA,10/05/24,1,"R$ 34,90"
04535-989.0,MEIA,12,Confeccao,66,MEIA,100,UNICA,27/09/24,2,"R$ 33,34"
CL339,CALCA,12,Confeccao,13,CALCA,100,UNICA,27/09/24,1,"R$ 33,90"
BL LINHA,BLUSA,12,Confeccao,12,BLUSA,100,UNICA,27/09/24,1,"R$ 33,00"
MC,BLUSA,12,Confeccao,12,BLUSA,100,UNICA,27/09/24,1,"R$ 30,00"
M049,BLUSA,12,Confeccao,12,BLUSA,100,UNICA,27/09/24,1,"R$ 30,00"
BORD,BLUSA,12,Confeccao,12,BLUSA,100,UNICA,27/09/24,2,"R$ 30,00"
05510-001-,MEIA,12,Confeccao,66,MEIA,100,UNICA,22/10/24,7,"R$ 29,70"
BP2959,BLUSA,12,Confeccao,12,BLUSA,100,UNICA,27/09/24,1,"R$ 29,00"
T-SHIRT,BLUSA,12,Confeccao,12,BLUSA,100,UNICA,27/09/24,1,"R$ 28,00"
643814,REGATA,12,Confeccao,42,REGATA,100,UNICA,27/09/24,1,"R$ 21,56"
GABINEX,BODY,12,Confeccao,22,BODY,100,UNICA,27/09/24,1,"R$ 20,00"
SP21,BLUSA,12,Confeccao,12,BLUSA,100,UNICA,27/09/24,1,"R$ 20,00"
119.,CACHECOL,12,Confeccao,75,CASACO,100,UNICA,27/09/24,1,"R$ 19,80"
BL39...,BLUSA,12,Confeccao,12,BLUSA,100,UNICA,27/09/24,1,"R$ 18,00"
04535-989.,MEIA,12,Confeccao,66,MEIA,100,UNICA,27/09/24,1,"R$ 16,67"
LX1039,BLUSA,12,Confeccao,12,BLUSA,100,UNICA,27/09/24,1,"R$ 13,13"
BL29,BLUSA,12,Confeccao,12,BLUSA,100,UNICA,27/09/24,1,"R$ 10,00"
10003.,BOLSA,14,Acessorios,18,BOLSAS,100,UNICA,31/12/24,17,"R$ 1.579,51"
10070.,BOLSA,14,Acessorios,18,BOLSAS,100,UNICA,01/07/24,6,"R$ 899,70"
10008.,BOLSA,14,Acessorios,18,BOLSAS,100,UNICA,01/03/24,4,"R$ 799,57"
10054.0,BOLSA,14,Acessorios,18,BOLSAS,100,UNICA,27/09/24,8,"R$ 716,61"
FC667B,CINTO,14,Acessorios,14,CINTO,100,UNICA,12/11/24,6,"R$ 596,82"
5885-,BOLSA,14,Acessorios,21,ANEL,100,UNICA,31/12/24,7,"R$ 489,30"
FC667C,CINTO,14,Acessorios,14,CINTO,100,UNICA,26/12/24,5,"R$ 454,99"
9164,ETIQUETA,14,Acessorios,20,ACESSORIOS,100,UNICA,27/09/24,12,"R$ 432,00"
FC667A,CINTO,14,Acessorios,14,CINTO,100,UNICA,20/12/24,4,"R$ 399,60"
109MRT.,CARTEIRA,14,Acessorios,17,CARTEIRA,100,UNICA,12/06/24,4,"R$ 359,60"
C023.-,SOMBRINHA,14,Acessorios,20,ACESSORIOS,100,UNICA,20/12/24,5,"R$ 349,50"
G222148049,CINTO,14,Acessorios,14,CINTO,100,UNICA,13/05/24,5,"R$ 349,50"
84794,BOLSA,14,Acessorios,20,ACESSORIOS,100,UNICA,24/12/24,2,"R$ 300,00"
G188221424,CINTO,14,Acessorios,14,CINTO,100,UNICA,24/12/24,5,"R$ 299,50"
84597,BOLSA,14,Acessorios,20,ACESSORIOS,100,UNICA,07/11/24,2,"R$ 299,80"
170MRT.,CARTEIRA,14,Acessorios,17,CARTEIRA,100,UNICA,05/08/24,3,"R$ 294,70"
G029019751,CINTO,14,Acessorios,14,CINTO,100,UNICA,13/06/24,4,"R$ 279,60"
G223143751,CINTO,14,Acessorios,14,CINTO,100,UNICA,27/09/24,4,"R$ 245,59"
007.0,GUARDA CHUVA,14,Acessorios,20,ACESSORIOS,100,UNICA,19/04/24,2,"R$ 239,80"
45MRT,CARTEIRA,14,Acessorios,17,CARTEIRA,100,UNICA,31/12/24,3,"R$ 239,70"
265MRT,CARTEIRA,14,Acessorios,17,CARTEIRA,100,UNICA,18/12/24,4,"R$ 237,32"
CF377,CARTEIRA,14,Acessorios,17,CARTEIRA,100,UNICA,06/07/24,2,"R$ 229,90"
70043,BOLSA,14,Acessorios,18,BOLSAS,100,UNICA,08/03/24,2,"R$ 229,90"
70016,BOLSA,14,Acessorios,18,BOLSAS,100,UNICA,05/03/24,2,"R$ 229,90"
H045148751,CARTEIRA,14,Acessorios,17,CARTEIRA,100,UNICA,23/07/24,3,"R$ 209,70"
3484757,BOLSA,14,Acessorios,18,BOLSAS,30,CAFE,24/12/24,1,"R$ 200,00"
T136143101,CINTO,14,Acessorios,14,CINTO,100,UNICA,30/09/24,4,"R$ 199,60"
A300E,SOMBRINHA,14,Acessorios,20,ACESSORIOS,100,UNICA,24/12/24,5,"R$ 179,50"
82606,BOLSA,14,Acessorios,18,BOLSAS,100,UNICA,27/09/24,3,"R$ 175,68"
82612,BOLSA,14,Acessorios,18,BOLSAS,100,UNICA,27/09/24,3,"R$ 166,14"
G188221751.,CINTO,14,Acessorios,14,CINTO,100,UNICA,27/09/24,3,"R$ 151,42"
3484656,BOLSA,14,Acessorios,20,ACESSORIOS,100,UNICA,21/12/24,1,"R$ 150,00"
83992,BOLSA,14,Acessorios,18,BOLSAS,100,UNICA,19/04/24,1,"R$ 150,00"
B1106278,BOLSA,14,Acessorios,18,BOLSAS,100,UNICA,02/03/24,1,"R$ 150,00"
84393,BOLSA,14,Acessorios,18,BOLSAS,100,UNICA,23/05/24,1,"R$ 149,90"
SLAT0121,BANDEJA,14,Acessorios,20,ACESSORIOS,100,UNICA,27/09/24,24,"R$ 146,88"
197MRT,CARTEIRA,14,Acessorios,17,CARTEIRA,100,UNICA,26/12/24,2,"R$ 139,80"
57MRT.0,CARTEIRA,14,Acessorios,17,CARTEIRA,100,UNICA,24/12/24,2,"R$ 139,80"
H016033751,CARTEIRA,14,Acessorios,17,CARTEIRA,100,UNICA,04/06/24,2,"R$ 139,80"
T136143751,CINTO,14,Acessorios,14,CINTO,100,UNICA,27/09/24,4,"R$ 133,45"
271MRT,CARTEIRA,14,Acessorios,17,CARTEIRA,100,UNICA,19/04/24,1,"R$ 129,90"
001.1,CAPACHO,14,Acessorios,20,ACESSORIOS,100,UNICA,27/09/24,1,"R$ 121,68"
48MRT.,CARTEIRA,14,Acessorios,17,CARTEIRA,100,UNICA,19/07/24,2,"R$ 119,80"
100MRT.,CARTEIRA,14,Acessorios,17,CARTEIRA,100,UNICA,09/07/24,1,"R$ 119,90"
B1105928,BOLSA,14,Acessorios,18,BOLSAS,100,UNICA,27/09/24,1,"R$ 115,00"
272MRT.,CARTEIRA,14,Acessorios,17,CARTEIRA,100,UNICA,05/07/24,1,"R$ 99,90"
170MRT.0,CARTEIRA,14,Acessorios,17,CARTEIRA,100,UNICA,04/07/24,1,"R$ 99,90"
272NOVA,CARTEIRA,14,Acessorios,17,CARTEIRA,100,UNICA,25/05/24,1,"R$ 99,90"
263CMR,NECESSAIRE,14,Acessorios,20,ACESSORIOS,100,UNICA,04/03/24,1,"R$ 95,00"
178.,CARTEIRA,14,Acessorios,17,CARTEIRA,100,UNICA,16/12/24,1,"R$ 89,90"
36.1,CARTEIRA,14,Acessorios,17,CARTEIRA,100,UNICA,23/12/24,1,"R$ 79,90"
109MRT,CARTEIRA,14,Acessorios,17,CARTEIRA,100,UNICA,20/12/24,1,"R$ 79,90"
2095.,BOLSA,14,Acessorios,18,BOLSAS,100,UNICA,27/09/24,2,"R$ 79,80"
K724004009,CARTEIRA,14,Acessorios,17,CARTEIRA,100,UNICA,24/12/24,1,"R$ 69,90"
83.,CARTEIRA,14,Acessorios,17,CARTEIRA,100,UNICA,16/12/24,1,"R$ 69,90"
H060143751,CARTEIRA,14,Acessorios,17,CARTEIRA,100,UNICA,11/06/24,1,"R$ 59,90"
66555009,CARTEIRA,14,Acessorios,17,CARTEIRA,100,UNICA,19/02/24,1,"R$ 59,90"
6508075,CARTEIRA,14,Acessorios,17,CARTEIRA,100,UNICA,16/02/24,1,"R$ 49,90"
4BL,BOLSA,14,Acessorios,18,BOLSAS,100,UNICA,27/09/24,1,"R$ 39,90"
11181,RIBBON,14,Acessorios,20,ACESSORIOS,100,UNICA,27/09/24,3,"R$ 36,00"
CF366,CARTEIRA,14,Acessorios,17,CARTEIRA,100,UNICA,27/09/24,1,"R$ 33,20"
143184,CUBO,14,Acessorios,20,ACESSORIOS,100,UNICA,27/09/24,3,"R$ 22,11"
SB24,SOMBRINHA,14,Acessorios,20,ACESSORIOS,100,UNICA,27/09/24,1,"R$ 21,00"
MKT00021,DISPLAY,14,Acessorios,20,ACESSORIOS,100,UNICA,27/09/24,2,"R$ 18,90"
MKT0000214,DISPLAY,14,Acessorios,20,ACESSORIOS,100,UNICA,27/09/24,1,"R$ 9,45"
MKT000021,DISPLAY,14,Acessorios,20,ACESSORIOS,100,UNICA,27/09/24,1,"R$ 9,45"
117637,EXPOSITOR,14,Acessorios,20,ACESSORIOS,100,UNICA,27/09/24,1,"R$ 7,20"
117636,EXPOSITOR,14,Acessorios,20,ACESSORIOS,100,UNICA,27/09/24,1,"R$ 2,78"